Date,Price,Open,High,Low,Vol.,Change %
"Jul 05, 2019","13,210.91","13,231.80","13,231.80","13,114.84",-,-0.22%
"Jul 03, 2019","13,239.87","13,152.55","13,239.90","13,152.55",-,0.66%
"Jul 02, 2019","13,152.55","13,127.69","13,152.95","13,105.03",-,0.19%
"Jul 01, 2019","13,127.69","13,049.71","13,191.90","13,049.71",-,0.60%
"Jun 28, 2019","13,049.71","12,965.55","13,055.86","12,965.55",-,0.65%
"Jun 27, 2019","12,965.32","12,912.06","12,976.23","12,912.06",-,0.41%
"Jun 26, 2019","12,912.01","12,936.65","12,977.92","12,911.99",-,-0.19%
"Jun 25, 2019","12,936.65","13,019.98","13,022.73","12,934.90",-,-0.64%
"Jun 24, 2019","13,019.98","13,047.24","13,061.25","13,015.91",-,-0.21%
"Jun 21, 2019","13,047.24","13,068.36","13,095.57","13,037.88",-,-0.26%
"Jun 20, 2019","13,081.54","12,954.08","13,094.80","12,954.08",-,0.98%
"Jun 19, 2019","12,954.08","12,924.27","12,972.48","12,908.41",-,0.36%
"Jun 18, 2019","12,907.46","12,837.47","12,950.80","12,837.47",-,1.03%
"Jun 17, 2019","12,775.52","12,789.68","12,808.12","12,769.53",-,-0.09%
"Jun 14, 2019","12,787.24","12,808.89","12,813.00","12,767.85",-,-0.31%
"Jun 13, 2019","12,827.51","12,816.43","12,841.72","12,788.54",-,0.33%
"Jun 12, 2019","12,784.83","12,797.86","12,818.60","12,772.33",-,-0.23%
"Jun 11, 2019","12,813.91","12,867.17","12,900.77","12,787.49",-,0.09%
"Jun 10, 2019","12,802.03","12,821.49","12,859.63","12,798.29",-,0.28%
"Jun 07, 2019","12,765.86","12,725.38","12,814.81","12,725.38",-,0.71%
"Jun 06, 2019","12,675.66","12,631.09","12,710.67","12,606.12",-,0.48%
"Jun 05, 2019","12,614.70","12,607.35","12,618.22","12,530.15",-,0.43%
"Jun 04, 2019","12,560.58","12,341.82","12,564.37","12,341.82",-,1.77%
"Jun 03, 2019","12,341.82","12,288.51","12,372.82","12,273.09",-,0.63%
"May 31, 2019","12,264.49","12,280.78","12,318.46","12,238.40",-,-1.04%
"May 30, 2019","12,393.66","12,402.54","12,449.28","12,354.79",-,0.06%
"May 29, 2019","12,386.21","12,398.24","12,405.11","12,309.13",-,-0.64%
"May 28, 2019","12,465.90","12,597.71","12,628.63","12,464.53",-,-0.92%
"May 24, 2019","12,581.36","12,595.54","12,617.46","12,539.30",-,0.45%
"May 23, 2019","12,525.00","12,569.34","12,569.34","12,461.35",-,-1.16%
"May 22, 2019","12,671.99","12,682.52","12,703.80","12,651.95",-,-0.38%
"May 21, 2019","12,720.72","12,668.33","12,732.86","12,668.33",-,0.82%
"May 20, 2019","12,616.80","12,615.67","12,668.53","12,582.51",-,-0.32%
"May 17, 2019","12,657.63","12,652.39","12,751.09","12,643.07",-,-0.63%
"May 16, 2019","12,738.36","12,676.05","12,800.90","12,676.05",-,0.68%
"May 15, 2019","12,652.29","12,559.66","12,682.38","12,526.04",-,0.26%
"May 14, 2019","12,620.00","12,560.99","12,686.53","12,559.62",-,0.74%
"May 13, 2019","12,526.71","12,617.22","12,617.22","12,480.27",-,-2.04%
"May 10, 2019","12,788.14","12,702.07","12,820.20","12,569.84",-,0.45%
"May 09, 2019","12,731.35","12,673.62","12,750.44","12,591.79",-,-0.28%
"May 08, 2019","12,766.69","12,766.97","12,834.77","12,748.37",-,-0.09%
"May 07, 2019","12,778.50","12,883.06","12,883.06","12,703.19",-,-1.53%
"May 06, 2019","12,976.67","13,037.88","13,037.88","12,851.07",-,-0.47%
"May 03, 2019","13,037.88","12,977.32","13,044.43","12,977.32",-,0.84%
"May 02, 2019","12,929.56","12,939.04","12,970.65","12,860.61",-,-0.13%
"May 01, 2019","12,946.13","13,066.08","13,069.09","12,944.94",-,-0.88%
"Apr 30, 2019","13,060.65","13,027.51","13,067.03","12,968.95",-,0.40%
"Apr 29, 2019","13,008.06","12,992.73","13,037.00","12,990.75",-,0.13%
"Apr 26, 2019","12,991.20","12,923.66","12,991.30","12,910.88",-,0.61%
"Apr 25, 2019","12,912.96","12,907.08","12,939.86","12,850.12",-,-0.30%
"Apr 24, 2019","12,951.63","12,993.86","12,993.86","12,938.55",-,-0.32%
"Apr 23, 2019","12,993.85","12,916.67","13,010.99","12,910.78",-,0.62%
"Apr 22, 2019","12,914.28","12,900.41","12,920.82","12,886.80",-,-0.07%
"Apr 18, 2019","12,922.71","12,912.18","12,938.75","12,869.85",-,0.12%
"Apr 17, 2019","12,907.11","12,984.33","12,995.60","12,891.44",-,-0.35%
"Apr 16, 2019","12,952.24","12,986.30","13,002.84","12,934.25",-,-0.03%
"Apr 15, 2019","12,956.68","12,979.27","12,983.25","12,936.50",-,-0.10%
"Apr 12, 2019","12,969.54","12,955.66","12,994.98","12,938.05",-,0.64%
"Apr 11, 2019","12,887.12","12,892.62","12,910.40","12,856.24",-,0.00%
"Apr 10, 2019","12,887.36","12,867.34","12,898.27","12,852.88",-,0.29%
"Apr 09, 2019","12,849.71","12,892.05","12,892.05","12,834.45",-,-0.72%
"Apr 08, 2019","12,943.34","12,927.73","12,943.35","12,888.87",-,0.12%
"Apr 05, 2019","12,927.72","12,889.37","12,927.90","12,880.19",-,0.46%
"Apr 04, 2019","12,868.74","12,833.32","12,872.49","12,818.83",-,0.27%
"Apr 03, 2019","12,833.60","12,819.06","12,882.57","12,803.87",-,0.11%
"Apr 02, 2019","12,819.05","12,840.44","12,841.82","12,784.71",-,-0.13%
"Apr 01, 2019","12,836.03","12,775.84","12,843.95","12,773.53",-,1.10%
"Mar 29, 2019","12,696.88","12,691.77","12,704.59","12,644.48",-,0.51%
"Mar 28, 2019","12,632.58","12,601.21","12,641.07","12,555.83",-,0.32%
"Mar 27, 2019","12,591.72","12,635.25","12,662.50","12,520.20",-,-0.39%
"Mar 26, 2019","12,641.36","12,598.45","12,672.73","12,578.87",-,0.84%
"Mar 25, 2019","12,535.68","12,526.49","12,590.17","12,486.06",-,-0.03%
"Mar 22, 2019","12,539.41","12,709.27","12,716.87","12,533.29",-,-1.90%
"Mar 21, 2019","12,782.54","12,658.97","12,803.45","12,657.63",-,0.65%
"Mar 20, 2019","12,700.25","12,749.61","12,789.38","12,658.26",-,-0.47%
"Mar 19, 2019","12,760.79","12,826.12","12,854.82","12,728.97",-,-0.16%
"Mar 18, 2019","12,781.42","12,732.27","12,786.79","12,726.47",-,0.52%
"Mar 15, 2019","12,715.77","12,679.08","12,749.57","12,677.76",-,0.44%
"Mar 14, 2019","12,660.16","12,668.78","12,685.39","12,637.44",-,-0.11%
"Mar 13, 2019","12,674.26","12,621.69","12,704.85","12,621.69",-,0.73%
"Mar 12, 2019","12,582.81","12,576.76","12,611.47","12,571.04",-,0.17%
"Mar 11, 2019","12,561.26","12,429.89","12,563.98","12,429.89",-,1.18%
"Mar 08, 2019","12,415.13","12,364.69","12,418.29","12,336.49",-,-0.23%
"Mar 07, 2019","12,443.43","12,513.52","12,514.20","12,408.38",-,-0.75%
"Mar 06, 2019","12,538.00","12,622.49","12,623.78","12,529.23",-,-0.68%
"Mar 05, 2019","12,624.47","12,638.19","12,649.77","12,600.89",-,-0.10%
"Mar 04, 2019","12,637.27","12,728.96","12,737.50","12,537.80",-,-0.50%
"Mar 01, 2019","12,700.67","12,698.23","12,740.40","12,645.57",-,0.44%
"Feb 28, 2019","12,644.81","12,671.23","12,679.19","12,642.43",-,-0.36%
"Feb 27, 2019","12,689.87","12,680.92","12,706.13","12,637.85",-,0.03%
"Feb 26, 2019","12,686.56","12,685.32","12,729.25","12,674.35",-,-0.11%
"Feb 25, 2019","12,700.19","12,746.41","12,769.64","12,697.29",-,0.04%
"Feb 22, 2019","12,694.52","12,654.39","12,700.06","12,644.15",-,0.58%
"Feb 21, 2019","12,621.77","12,644.05","12,648.29","12,580.03",-,-0.41%
"Feb 20, 2019","12,673.66","12,627.61","12,695.55","12,624.06",-,0.36%
"Feb 19, 2019","12,628.36","12,567.68","12,656.86","12,560.35",-,0.20%
"Feb 15, 2019","12,603.47","12,503.48","12,603.84","12,503.48",-,1.31%
"Feb 14, 2019","12,440.22","12,422.24","12,492.45","12,383.33",-,-0.28%
"Feb 13, 2019","12,474.89","12,462.92","12,510.88","12,452.44",-,0.29%
"Feb 12, 2019","12,438.44","12,366.34","12,456.29","12,366.34",-,1.14%
"Feb 11, 2019","12,297.90","12,304.80","12,320.13","12,274.95",-,0.05%
"Feb 08, 2019","12,292.14","12,252.87","12,292.43","12,186.66",-,-0.03%
"Feb 07, 2019","12,295.22","12,345.55","12,347.61","12,215.31",-,-0.83%
"Feb 06, 2019","12,398.67","12,405.43","12,423.40","12,382.17",-,-0.24%
"Feb 05, 2019","12,428.26","12,409.04","12,431.95","12,378.40",-,0.37%
"Feb 04, 2019","12,381.83","12,315.49","12,382.05","12,268.57",-,0.42%
"Feb 01, 2019","12,329.69","12,312.26","12,350.55","12,287.21",-,0.25%
"Jan 31, 2019","12,299.03","12,222.99","12,315.14","12,196.19",-,0.63%
"Jan 30, 2019","12,222.39","12,130.01","12,266.55","12,104.22",-,1.09%
"Jan 29, 2019","12,090.78","12,080.42","12,115.53","12,056.42",-,0.21%
"Jan 28, 2019","12,065.11","12,040.66","12,066.58","11,984.86",-,-0.51%
"Jan 25, 2019","12,127.25","12,106.39","12,164.48","12,105.96",-,0.81%
"Jan 24, 2019","12,029.45","12,006.19","12,048.13","11,969.04",-,0.07%
"Jan 23, 2019","12,020.93","12,044.55","12,075.05","11,926.81",-,0.18%
"Jan 22, 2019","11,999.37","12,075.40","12,075.40","11,940.91",-,-1.25%
"Jan 18, 2019","12,151.77","12,070.90","12,164.70","12,060.36",-,1.31%
"Jan 17, 2019","11,994.54","11,873.82","12,033.58","11,862.43",-,0.73%
"Jan 16, 2019","11,907.61","11,884.97","11,944.20","11,882.91",-,0.33%
"Jan 15, 2019","11,868.68","11,798.03","11,877.42","11,798.03",-,0.59%
"Jan 14, 2019","11,799.11","11,783.51","11,828.97","11,745.57",-,-0.41%
"Jan 11, 2019","11,848.01","11,806.75","11,851.55","11,761.98",-,0.07%
"Jan 10, 2019","11,839.31","11,731.55","11,843.60","11,701.81",-,0.52%
"Jan 09, 2019","11,778.42","11,746.66","11,811.68","11,712.37",-,0.53%
"Jan 08, 2019","11,716.23","11,681.87","11,727.75","11,619.34",-,0.95%
"Jan 07, 2019","11,605.96","11,539.35","11,678.97","11,502.26",-,0.63%
"Jan 04, 2019","11,533.34","11,304.41","11,559.02","11,304.41",-,3.06%
"Jan 03, 2019","11,190.44","11,345.70","11,345.70","11,169.46",-,-1.70%
"Jan 02, 2019","11,383.53","11,238.77","11,408.26","11,204.28",-,0.08%
"Dec 31, 2018","11,374.39","11,338.24","11,378.19","11,270.63",-,0.74%
"Dec 28, 2018","11,290.95","11,343.86","11,418.86","11,249.92",-,0.05%
"Dec 27, 2018","11,285.31","11,081.87","11,285.32","10,932.94",-,0.72%
"Dec 26, 2018","11,204.09","10,801.47","11,204.59","10,723.66",-,4.03%
"Dec 24, 2018","10,769.83","10,976.23","10,995.90","10,769.81",-,-2.42%
"Dec 21, 2018","11,036.84","11,199.30","11,364.14","11,013.42",-,-1.66%
"Dec 20, 2018","11,222.79","11,338.35","11,394.72","11,126.95",-,-1.31%
"Dec 19, 2018","11,371.84","11,540.18","11,677.50","11,313.03",-,-1.13%
"Dec 18, 2018","11,502.16","11,594.09","11,649.15","11,449.75",-,-0.26%
"Dec 17, 2018","11,532.12","11,716.14","11,752.74","11,480.08",-,-1.90%
"Dec 14, 2018","11,755.38","11,845.36","11,882.36","11,727.89",-,-1.51%
"Dec 13, 2018","11,936.16","11,976.29","12,011.40","11,892.78",-,-0.06%
"Dec 12, 2018","11,943.29","11,982.97","12,075.05","11,941.82",-,0.70%
"Dec 11, 2018","11,860.65","11,982.78","12,044.03","11,805.72",-,-0.24%
"Dec 10, 2018","11,889.29","11,922.72","11,939.04","11,696.58",-,-0.44%
"Dec 07, 2018","11,941.93","12,156.83","12,228.91","11,897.77",-,-1.67%
"Dec 06, 2018","12,144.41","12,043.44","12,144.51","11,852.83",-,-0.63%
"Dec 04, 2018","12,221.98","12,555.02","12,568.64","12,212.52",-,-2.83%
"Dec 03, 2018","12,577.54","12,602.90","12,624.75","12,500.36",-,0.96%
"Nov 30, 2018","12,457.55","12,373.00","12,464.41","12,358.86",-,0.55%
"Nov 29, 2018","12,389.37","12,384.98","12,453.62","12,336.31",-,-0.23%
"Nov 28, 2018","12,417.63","12,225.73","12,418.48","12,174.45",-,1.88%
"Nov 27, 2018","12,188.07","12,135.41","12,190.41","12,111.57",-,0.05%
"Nov 26, 2018","12,181.60","12,111.20","12,199.58","12,111.20",-,1.21%
"Nov 23, 2018","12,036.24","12,034.68","12,087.17","12,016.76",-,-0.72%
"Nov 21, 2018","12,123.34","12,108.72","12,202.63","12,108.72",-,0.62%
"Nov 20, 2018","12,048.66","12,158.04","12,161.32","12,016.08",-,-1.89%
"Nov 19, 2018","12,280.91","12,388.11","12,407.82","12,234.24",-,-0.96%
"Nov 16, 2018","12,400.28","12,329.43","12,433.72","12,308.61",-,0.31%
"Nov 15, 2018","12,361.52","12,215.19","12,379.13","12,146.07",-,0.70%
"Nov 14, 2018","12,275.49","12,398.93","12,435.65","12,199.04",-,-0.43%
"Nov 13, 2018","12,328.30","12,358.88","12,446.24","12,301.27",-,-0.12%
"Nov 12, 2018","12,343.51","12,517.73","12,523.01","12,330.80",-,-1.55%
"Nov 09, 2018","12,537.53","12,566.33","12,574.64","12,472.05",-,-0.67%
"Nov 08, 2018","12,622.04","12,646.42","12,676.05","12,580.30",-,-0.45%
"Nov 07, 2018","12,679.10","12,564.78","12,682.06","12,536.12",-,1.59%
"Nov 06, 2018","12,480.06","12,413.96","12,482.76","12,411.67",-,0.45%
"Nov 05, 2018","12,424.31","12,364.38","12,450.76","12,364.38",-,0.83%
"Nov 02, 2018","12,321.80","12,410.73","12,449.94","12,230.32",-,-0.28%
"Nov 01, 2018","12,356.50","12,208.06","12,363.32","12,208.06",-,1.22%
"Oct 31, 2018","12,208.06","12,198.65","12,306.04","12,198.65",-,0.64%
"Oct 30, 2018","12,129.94","11,961.60","12,139.20","11,952.71",-,1.57%
"Oct 29, 2018","11,942.51","12,084.49","12,178.88","11,820.33",-,-0.29%
"Oct 26, 2018","11,976.95","12,006.76","12,082.51","11,847.79",-,-1.17%
"Oct 25, 2018","12,118.85","12,023.50","12,187.85","11,993.20",-,1.25%
"Oct 24, 2018","11,969.74","12,274.38","12,290.24","11,957.13",-,-2.59%
"Oct 23, 2018","12,287.44","12,234.99","12,343.46","12,108.44",-,-0.71%
"Oct 22, 2018","12,374.76","12,474.15","12,489.80","12,354.04",-,-0.66%
"Oct 19, 2018","12,457.27","12,469.70","12,558.61","12,434.92",-,0.09%
"Oct 18, 2018","12,445.48","12,570.66","12,601.79","12,397.25",-,-1.33%
"Oct 17, 2018","12,613.05","12,612.18","12,646.46","12,507.93",-,-0.26%
"Oct 16, 2018","12,645.95","12,425.68","12,653.89","12,425.68",-,1.77%
"Oct 15, 2018","12,425.68","12,437.74","12,519.12","12,408.70",-,-0.11%
"Oct 12, 2018","12,439.42","12,485.24","12,501.56","12,304.84",-,0.73%
"Oct 11, 2018","12,349.53","12,574.59","12,625.92","12,299.05",-,-2.16%
"Oct 10, 2018","12,622.13","12,952.12","12,952.71","12,620.28",-,-2.61%
"Oct 09, 2018","12,960.45","12,970.18","13,008.52","12,926.16",-,-0.31%
"Oct 08, 2018","13,000.14","12,955.69","13,014.92","12,913.36",-,0.06%
"Oct 05, 2018","12,991.95","13,043.47","13,069.13","12,935.65",-,-0.39%
"Oct 04, 2018","13,042.30","13,089.23","13,099.37","12,975.87",-,-0.58%
"Oct 03, 2018","13,118.55","13,146.68","13,175.61","13,101.14",-,0.10%
"Oct 02, 2018","13,106.01","13,108.74","13,129.02","13,069.15",-,-0.15%
"Oct 01, 2018","13,125.35","13,146.30","13,169.80","13,099.94",-,0.33%
"Sep 28, 2018","13,082.52","13,071.40","13,121.35","13,065.93",-,-0.18%
"Sep 27, 2018","13,105.72","13,111.99","13,164.68","13,097.09",-,0.03%
"Sep 26, 2018","13,101.96","13,164.82","13,203.98","13,093.09",-,-0.45%
"Sep 25, 2018","13,160.60","13,203.90","13,215.26","13,154.56",-,-0.01%
"Sep 24, 2018","13,162.05","13,235.21","13,237.81","13,148.67",-,-0.56%
"Sep 21, 2018","13,236.44","13,243.42","13,261.77","13,228.74",-,0.09%
"Sep 20, 2018","13,225.11","13,183.66","13,238.74","13,173.71",-,0.79%
"Sep 19, 2018","13,121.97","13,105.13","13,155.17","13,103.60",-,0.23%
"Sep 18, 2018","13,091.98","13,044.93","13,112.38","13,038.66",-,0.46%
"Sep 17, 2018","13,031.91","13,059.23","13,073.96","13,020.58",-,-0.14%
"Sep 14, 2018","13,050.52","13,042.38","13,064.88","13,014.49",-,0.12%
"Sep 13, 2018","13,034.61","13,022.63","13,055.34","13,000.72",-,0.34%
"Sep 12, 2018","12,990.10","12,952.31","13,017.47","12,952.31",-,0.29%
"Sep 11, 2018","12,952.30","12,896.77","12,968.90","12,873.38",-,0.18%
"Sep 10, 2018","12,928.67","12,952.09","12,994.84","12,928.12",-,0.14%
"Sep 07, 2018","12,911.12","12,898.39","12,939.92","12,875.63",-,-0.21%
"Sep 06, 2018","12,938.91","12,960.21","12,993.16","12,900.82",-,-0.23%
"Sep 05, 2018","12,968.55","12,944.05","12,977.10","12,908.01",-,-0.01%
"Sep 04, 2018","12,969.86","12,976.05","12,984.20","12,928.29",-,-0.36%
"Aug 31, 2018","13,016.89","13,007.37","13,037.09","12,965.48",-,-0.18%
"Aug 30, 2018","13,039.93","13,094.78","13,094.78","13,019.44",-,-0.70%
"Aug 29, 2018","13,132.16","13,098.85","13,148.42","13,074.82",-,0.36%
"Aug 28, 2018","13,084.80","13,125.34","13,130.49","13,075.14",-,-0.13%
"Aug 27, 2018","13,102.03","13,043.43","13,110.70","13,043.43",-,0.79%
"Aug 24, 2018","12,999.44","12,968.82","13,011.69","12,964.30",-,0.51%
"Aug 23, 2018","12,933.46","12,978.59","12,988.21","12,922.84",-,-0.44%
"Aug 22, 2018","12,990.51","13,007.57","13,013.06","12,983.02",-,-0.05%
"Aug 21, 2018","12,996.76","12,998.04","13,032.25","12,993.95",-,0.24%
"Aug 20, 2018","12,965.10","12,930.15","12,973.56","12,929.43",-,0.44%
"Aug 17, 2018","12,908.26","12,839.72","12,928.18","12,834.11",-,0.52%
"Aug 16, 2018","12,841.28","12,784.76","12,875.41","12,784.76",-,0.93%
"Aug 15, 2018","12,723.09","12,752.50","12,752.50","12,648.32",-,-0.87%
"Aug 14, 2018","12,835.31","12,791.95","12,849.49","12,791.95",-,0.56%
"Aug 13, 2018","12,763.66","12,836.65","12,853.17","12,746.01",-,-0.62%
"Aug 10, 2018","12,843.49","12,868.10","12,878.03","12,818.01",-,-0.87%
"Aug 09, 2018","12,956.66","12,983.25","13,001.67","12,949.91",-,-0.24%
"Aug 08, 2018","12,987.91","12,995.92","13,007.65","12,966.82",-,-0.09%
"Aug 07, 2018","12,999.59","13,011.30","13,039.56","12,997.28",-,0.27%
"Aug 06, 2018","12,964.27","12,939.77","12,985.48","12,918.81",-,0.08%
"Aug 03, 2018","12,953.34","12,893.92","12,955.77","12,893.30",-,0.43%
"Aug 02, 2018","12,898.07","12,818.59","12,904.75","12,803.90",-,-0.03%
"Aug 01, 2018","12,902.39","12,949.85","12,961.69","12,879.47",-,-0.47%
"Jul 31, 2018","12,963.28","12,903.43","12,989.46","12,903.43",-,0.46%
"Jul 30, 2018","12,903.43","12,936.78","12,961.90","12,895.62",-,-0.14%
"Jul 27, 2018","12,921.34","12,967.38","12,978.82","12,886.59",-,-0.25%
"Jul 26, 2018","12,953.39","12,929.79","12,985.57","12,929.79",-,0.15%
"Jul 25, 2018","12,933.63","12,836.36","12,940.27","12,820.57",-,0.67%
"Jul 24, 2018","12,847.49","12,836.63","12,883.05","12,814.04",-,0.42%
"Jul 23, 2018","12,794.05","12,788.50","12,803.17","12,765.58",-,0.03%
"Jul 20, 2018","12,789.91","12,778.22","12,807.98","12,770.19",-,0.03%
"Jul 19, 2018","12,786.48","12,786.37","12,815.00","12,751.80",-,-0.29%
"Jul 18, 2018","12,823.23","12,786.26","12,825.69","12,770.32",-,0.34%
"Jul 17, 2018","12,779.22","12,731.48","12,797.58","12,725.99",-,0.24%
"Jul 16, 2018","12,748.78","12,758.52","12,766.18","12,717.07",-,-0.16%
"Jul 13, 2018","12,769.50","12,744.80","12,783.24","12,727.76",-,0.06%
"Jul 12, 2018","12,761.46","12,746.72","12,771.98","12,709.28",-,0.63%
"Jul 11, 2018","12,681.59","12,737.97","12,756.04","12,665.60",-,-1.04%
"Jul 10, 2018","12,814.64","12,795.46","12,820.08","12,782.77",-,0.30%
"Jul 09, 2018","12,776.92","12,712.33","12,779.77","12,712.33",-,0.88%
"Jul 06, 2018","12,664.88","12,578.86","12,684.35","12,561.96",-,0.63%
"Jul 05, 2018","12,585.21","12,553.78","12,587.92","12,512.50",-,0.72%
"Jul 03, 2018","12,494.70","12,542.33","12,576.82","12,484.60",-,0.07%
"Jul 02, 2018","12,485.58","12,430.70","12,486.54","12,400.54",-,-0.15%
"Jun 29, 2018","12,504.25","12,537.19","12,607.39","12,504.25",-,0.23%
"Jun 28, 2018","12,475.98","12,412.19","12,503.70","12,377.04",-,0.51%
"Jun 27, 2018","12,412.07","12,528.44","12,594.46","12,412.01",-,-0.79%
"Jun 26, 2018","12,510.55","12,501.34","12,544.78","12,466.12",-,0.23%
"Jun 25, 2018","12,481.60","12,584.95","12,584.95","12,424.03",-,-1.25%
"Jun 22, 2018","12,639.57","12,653.34","12,677.70","12,634.73",-,0.63%
"Jun 21, 2018","12,560.23","12,620.40","12,622.54","12,539.83",-,-0.70%
"Jun 20, 2018","12,648.74","12,676.37","12,684.66","12,634.45",-,0.08%
"Jun 19, 2018","12,638.98","12,708.63","12,708.63","12,569.95",-,-0.55%
"Jun 18, 2018","12,708.63","12,660.67","12,711.68","12,639.25",-,-0.20%
"Jun 15, 2018","12,734.64","12,727.39","12,746.57","12,659.97",-,-0.29%
"Jun 14, 2018","12,771.95","12,812.13","12,823.81","12,761.51",-,-0.11%
"Jun 13, 2018","12,785.45","12,856.15","12,859.01","12,784.31",-,-0.46%
"Jun 12, 2018","12,844.71","12,861.66","12,877.23","12,822.93",-,-0.10%
"Jun 11, 2018","12,856.96","12,845.08","12,888.98","12,842.80",-,0.19%
"Jun 08, 2018","12,832.07","12,778.22","12,833.57","12,759.45",-,0.34%
"Jun 07, 2018","12,788.50","12,797.93","12,826.89","12,750.46",-,0.08%
"Jun 06, 2018","12,778.23","12,696.53","12,778.52","12,681.61",-,0.94%
"Jun 05, 2018","12,658.70","12,673.91","12,677.95","12,623.42",-,-0.12%
"Jun 04, 2018","12,673.91","12,620.83","12,705.05","12,620.83",-,0.42%
"Jun 01, 2018","12,620.83","12,596.68","12,635.11","12,595.91",-,0.75%
"May 31, 2018","12,527.14","12,606.24","12,606.24","12,499.69",-,-0.78%
"May 30, 2018","12,625.87","12,514.33","12,647.92","12,514.33",-,1.47%
"May 29, 2018","12,442.69","12,516.55","12,543.69","12,391.15",-,-1.52%
"May 25, 2018","12,634.94","12,646.58","12,652.29","12,606.86",-,-0.49%
"May 24, 2018","12,696.69","12,715.30","12,723.09","12,625.69",-,-0.37%
"May 23, 2018","12,743.40","12,701.58","12,743.42","12,670.07",-,-0.18%
"May 22, 2018","12,766.65","12,832.17","12,853.33","12,760.09",-,-0.29%
"May 21, 2018","12,804.01","12,771.57","12,814.70","12,771.57",-,0.68%
"May 18, 2018","12,717.42","12,735.11","12,740.27","12,700.53",-,-0.24%
"May 17, 2018","12,747.83","12,741.54","12,787.12","12,714.11",-,0.03%
"May 16, 2018","12,743.80","12,710.63","12,764.55","12,706.74",-,0.31%
"May 15, 2018","12,704.63","12,711.88","12,727.29","12,668.75",-,-0.53%
"May 14, 2018","12,772.03","12,791.89","12,821.54","12,755.46",-,0.08%
"May 11, 2018","12,761.82","12,748.91","12,788.75","12,730.59",-,0.24%
"May 10, 2018","12,731.64","12,660.23","12,748.57","12,653.81",-,0.78%
"May 09, 2018","12,632.49","12,565.23","12,652.11","12,555.18",-,0.90%
"May 08, 2018","12,520.24","12,498.16","12,522.35","12,458.25",-,0.00%
"May 07, 2018","12,519.75","12,493.35","12,567.70","12,492.84",-,0.21%
"May 04, 2018","12,493.35","12,335.41","12,527.93","12,310.90",-,0.81%
"May 03, 2018","12,392.50","12,395.47","12,419.70","12,255.85",-,-0.21%
"May 02, 2018","12,418.06","12,486.11","12,521.65","12,402.28",-,-0.60%
"May 01, 2018","12,493.02","12,490.24","12,493.07","12,388.95",-,-0.18%
"Apr 30, 2018","12,515.36","12,615.35","12,641.93","12,515.36",-,-0.62%
"Apr 27, 2018","12,594.02","12,567.67","12,614.89","12,552.97",-,0.09%
"Apr 26, 2018","12,582.90","12,539.65","12,621.16","12,521.85",-,0.52%
"Apr 25, 2018","12,517.86","12,491.43","12,539.59","12,408.78",-,0.03%
"Apr 24, 2018","12,514.00","12,659.93","12,675.93","12,442.93",-,-0.77%
"Apr 23, 2018","12,610.77","12,618.07","12,640.16","12,567.22",-,0.03%
"Apr 20, 2018","12,607.16","12,670.92","12,680.87","12,571.21",-,-0.51%
"Apr 19, 2018","12,671.48","12,714.61","12,716.95","12,622.02",-,-0.48%
"Apr 18, 2018","12,732.85","12,737.13","12,774.37","12,722.10",-,0.21%
"Apr 17, 2018","12,705.76","12,680.39","12,733.68","12,665.49",-,0.61%
"Apr 16, 2018","12,628.21","12,601.40","12,660.11","12,573.04",-,0.65%
"Apr 13, 2018","12,546.05","12,580.22","12,640.88","12,503.67",-,-0.27%
"Apr 12, 2018","12,580.22","12,558.98","12,623.71","12,552.72",-,0.52%
"Apr 11, 2018","12,514.59","12,509.39","12,580.98","12,501.28",-,-0.41%
"Apr 10, 2018","12,565.97","12,380.56","12,601.25","12,380.56",-,1.50%
"Apr 09, 2018","12,380.55","12,412.94","12,532.85","12,374.92",-,0.25%
"Apr 06, 2018","12,349.11","12,511.60","12,552.47","12,263.93",-,-1.77%
"Apr 05, 2018","12,571.94","12,512.42","12,605.08","12,509.91",-,0.85%
"Apr 04, 2018","12,466.45","12,218.91","12,482.71","12,193.85",-,0.80%
"Apr 03, 2018","12,367.07","12,274.26","12,380.25","12,220.21",-,1.23%
"Apr 02, 2018","12,216.71","12,432.89","12,441.85","12,107.72",-,-1.89%
"Mar 29, 2018","12,452.06","12,356.19","12,512.00","12,356.08",-,1.16%
"Mar 28, 2018","12,308.90","12,325.29","12,399.23","12,271.03",-,0.05%
"Mar 27, 2018","12,302.54","12,466.39","12,517.26","12,246.41",-,-1.05%
"Mar 26, 2018","12,433.15","12,327.06","12,444.40","12,241.48",-,2.10%
"Mar 23, 2018","12,177.70","12,413.61","12,449.03","12,166.54",-,-1.61%
"Mar 22, 2018","12,377.39","12,574.16","12,597.10","12,369.73",-,-2.42%
"Mar 21, 2018","12,683.76","12,663.66","12,776.33","12,654.72",-,0.16%
"Mar 20, 2018","12,663.64","12,663.25","12,692.53","12,643.59",-,0.10%
"Mar 19, 2018","12,651.46","12,755.55","12,755.55","12,580.07",-,-1.04%
"Mar 16, 2018","12,784.39","12,752.69","12,821.86","12,752.69",-,0.32%
"Mar 15, 2018","12,743.61","12,788.16","12,813.60","12,722.93",-,-0.15%
"Mar 14, 2018","12,762.67","12,874.52","12,892.90","12,743.90",-,-0.54%
"Mar 13, 2018","12,831.75","12,938.50","12,963.09","12,809.07",-,-0.52%
"Mar 12, 2018","12,898.40","12,930.43","12,963.42","12,881.17",-,-0.16%
"Mar 09, 2018","12,918.82","12,802.14","12,918.82","12,782.93",-,1.36%
"Mar 08, 2018","12,745.01","12,725.16","12,754.32","12,672.36",-,0.30%
"Mar 07, 2018","12,707.01","12,634.04","12,724.84","12,603.50",-,-0.11%
"Mar 06, 2018","12,720.77","12,722.31","12,735.44","12,648.25",-,0.32%
"Mar 05, 2018","12,680.73","12,498.45","12,710.57","12,482.78",-,0.98%
"Mar 02, 2018","12,557.99","12,444.65","12,576.55","12,391.21",-,0.31%
"Mar 01, 2018","12,518.73","12,644.43","12,716.45","12,435.87",-,-1.06%
"Feb 28, 2018","12,652.55","12,852.11","12,873.85","12,650.81",-,-1.30%
"Feb 27, 2018","12,819.22","12,986.94","13,018.15","12,819.22",-,-1.39%
"Feb 26, 2018","12,999.62","12,922.16","13,005.51","12,881.98",-,0.90%
"Feb 23, 2018","12,884.11","12,766.13","12,885.13","12,755.34",-,1.36%
"Feb 22, 2018","12,711.75","12,732.82","12,828.00","12,687.24",-,0.13%
"Feb 21, 2018","12,695.53","12,777.36","12,896.93","12,695.31",-,-0.53%
"Feb 20, 2018","12,763.34","12,817.14","12,855.72","12,730.01",-,-0.86%
"Feb 16, 2018","12,874.36","12,826.91","12,961.12","12,826.91",-,0.14%
"Feb 15, 2018","12,856.87","12,817.18","12,857.72","12,695.24",-,0.86%
"Feb 14, 2018","12,746.72","12,515.49","12,761.43","12,504.24",-,1.37%
"Feb 13, 2018","12,574.37","12,512.29","12,599.72","12,481.98",-,0.11%
"Feb 12, 2018","12,560.12","12,496.35","12,627.41","12,416.92",-,1.24%
"Feb 09, 2018","12,405.82","12,364.31","12,484.61","12,048.66",-,1.10%
"Feb 08, 2018","12,270.65","12,701.88","12,701.88","12,270.65",-,-3.28%
"Feb 07, 2018","12,687.18","12,696.95","12,866.58","12,685.43",-,-0.46%
"Feb 06, 2018","12,745.45","12,386.84","12,779.15","12,337.76",-,1.37%
"Feb 05, 2018","12,572.93","12,974.19","13,050.16","12,518.21",-,-3.92%
"Feb 02, 2018","13,085.35","13,294.35","13,294.35","13,075.88",-,-2.22%
"Feb 01, 2018","13,381.97","13,338.99","13,414.78","13,324.32",-,0.10%
"Jan 31, 2018","13,367.96","13,416.83","13,443.25","13,320.37",-,-0.06%
"Jan 30, 2018","13,375.51","13,441.24","13,458.54","13,369.42",-,-1.10%
"Jan 29, 2018","13,524.65","13,592.80","13,605.91","13,520.68",-,-0.82%
"Jan 26, 2018","13,637.02","13,547.28","13,637.02","13,539.20",-,0.92%
"Jan 25, 2018","13,512.66","13,548.87","13,555.51","13,479.57",-,0.04%
"Jan 24, 2018","13,507.66","13,520.07","13,556.38","13,452.75",-,0.25%
"Jan 23, 2018","13,474.11","13,461.87","13,482.42","13,434.94",-,0.03%
"Jan 22, 2018","13,470.37","13,388.32","13,470.40","13,381.33",-,0.64%
"Jan 19, 2018","13,384.46","13,342.96","13,384.46","13,331.70",-,0.51%
"Jan 18, 2018","13,315.91","13,341.76","13,353.14","13,299.93",-,-0.27%
"Jan 17, 2018","13,352.39","13,282.48","13,376.80","13,255.38",-,0.80%
"Jan 16, 2018","13,246.86","13,343.82","13,371.97","13,215.26",-,-0.36%
"Jan 12, 2018","13,294.34","13,240.96","13,299.19","13,237.55",-,0.63%
"Jan 11, 2018","13,210.77","13,106.60","13,210.77","13,106.60",-,0.79%
"Jan 10, 2018","13,106.60","13,108.23","13,131.11","13,070.83",-,-0.11%
"Jan 09, 2018","13,120.84","13,123.83","13,156.88","13,110.90",-,0.05%
"Jan 08, 2018","13,114.35","13,096.65","13,117.24","13,065.24",-,0.08%
"Jan 05, 2018","13,103.23","13,066.37","13,104.52","13,039.08",-,0.57%
"Jan 04, 2018","13,028.46","12,999.53","13,045.16","12,999.53",-,0.55%
"Jan 03, 2018","12,957.28","12,910.63","12,963.39","12,906.99",-,0.42%
"Jan 02, 2018","12,902.72","12,860.93","12,902.72","12,842.27",-,0.73%
"Dec 29, 2017","12,808.84","12,878.35","12,886.11","12,808.82",-,-0.34%
"Dec 28, 2017","12,853.09","12,839.54","12,853.92","12,823.56",-,0.24%
"Dec 27, 2017","12,821.98","12,808.90","12,834.55","12,808.36",-,0.10%
"Dec 26, 2017","12,808.90","12,794.13","12,819.57","12,794.13",-,0.09%
"Dec 22, 2017","12,797.44","12,803.98","12,807.50","12,773.82",-,-0.02%
"Dec 21, 2017","12,800.21","12,771.21","12,826.03","12,770.86",-,0.41%
"Dec 20, 2017","12,747.55","12,782.56","12,791.66","12,741.87",-,0.00%
"Dec 19, 2017","12,747.54","12,803.18","12,807.13","12,747.26",-,-0.30%
"Dec 18, 2017","12,785.82","12,760.53","12,812.11","12,760.53",-,0.68%
"Dec 15, 2017","12,699.68","12,650.08","12,723.59","12,650.08",-,0.56%
"Dec 14, 2017","12,629.07","12,706.78","12,713.82","12,629.07",-,-0.55%
"Dec 13, 2017","12,699.48","12,709.06","12,739.80","12,699.48",-,0.01%
"Dec 12, 2017","12,697.78","12,680.70","12,717.08","12,674.89",-,0.23%
"Dec 11, 2017","12,668.22","12,653.10","12,669.29","12,651.15",-,0.20%
"Dec 08, 2017","12,643.06","12,605.00","12,643.12","12,587.61",-,0.59%
"Dec 07, 2017","12,568.98","12,517.67","12,581.43","12,512.03",-,0.29%
"Dec 06, 2017","12,532.43","12,550.17","12,565.60","12,524.43",-,-0.28%
"Dec 05, 2017","12,567.16","12,635.72","12,640.38","12,559.49",-,-0.54%
"Dec 04, 2017","12,634.89","12,685.78","12,724.50","12,632.88",-,0.16%
"Dec 01, 2017","12,614.56","12,636.73","12,649.28","12,463.83",-,-0.10%
"Nov 30, 2017","12,627.80","12,596.35","12,673.70","12,584.94",-,0.53%
"Nov 29, 2017","12,561.32","12,529.55","12,579.80","12,529.55",-,0.33%
"Nov 28, 2017","12,520.23","12,412.15","12,523.64","12,409.62",-,1.04%
"Nov 27, 2017","12,390.78","12,421.31","12,427.31","12,390.30",-,-0.25%
"Nov 24, 2017","12,421.93","12,423.71","12,431.69","12,419.40",-,0.25%
"Nov 22, 2017","12,390.83","12,406.14","12,416.75","12,380.29",-,0.04%
"Nov 21, 2017","12,385.88","12,352.57","12,397.32","12,352.57",-,0.53%
"Nov 20, 2017","12,320.77","12,306.66","12,331.09","12,294.96",-,0.15%
"Nov 17, 2017","12,302.89","12,281.28","12,314.69","12,277.31",-,0.00%
"Nov 16, 2017","12,303.28","12,258.78","12,321.90","12,258.78",-,0.68%
"Nov 15, 2017","12,220.34","12,222.09","12,250.92","12,178.89",-,-0.49%
"Nov 14, 2017","12,280.11","12,316.83","12,316.83","12,238.08",-,-0.30%
"Nov 13, 2017","12,316.82","12,281.19","12,328.16","12,272.21",-,-0.05%
"Nov 10, 2017","12,322.60","12,324.38","12,332.24","12,303.86",-,-0.14%
"Nov 09, 2017","12,339.66","12,326.32","12,350.70","12,268.07",-,-0.36%
"Nov 08, 2017","12,384.71","12,361.23","12,390.53","12,344.15",-,0.11%
"Nov 07, 2017","12,371.25","12,398.79","12,415.96","12,344.64",-,-0.24%
"Nov 06, 2017","12,400.92","12,373.07","12,410.66","12,365.51",-,0.23%
"Nov 03, 2017","12,373.06","12,361.02","12,376.23","12,340.89",-,0.00%
"Nov 02, 2017","12,372.96","12,359.29","12,377.09","12,316.77",-,0.08%
"Nov 01, 2017","12,362.88","12,383.87","12,414.60","12,352.10",-,0.18%
"Oct 31, 2017","12,341.01","12,333.82","12,358.75","12,322.45",-,0.17%
"Oct 30, 2017","12,319.47","12,349.36","12,354.56","12,308.84",-,-0.38%
"Oct 27, 2017","12,366.43","12,339.65","12,366.70","12,308.36",-,0.11%
"Oct 26, 2017","12,352.43","12,362.84","12,380.28","12,350.50",-,0.13%
"Oct 25, 2017","12,336.58","12,406.20","12,406.20","12,280.31",-,-0.55%
"Oct 24, 2017","12,404.99","12,405.97","12,419.51","12,397.26",-,0.17%
"Oct 23, 2017","12,384.42","12,436.76","12,443.80","12,383.36",-,-0.37%
"Oct 20, 2017","12,430.52","12,407.98","12,430.65","12,401.64",-,0.41%
"Oct 19, 2017","12,380.32","12,336.14","12,381.52","12,322.13",-,0.08%
"Oct 18, 2017","12,371.02","12,371.30","12,382.58","12,358.10",-,0.17%
"Oct 17, 2017","12,349.97","12,355.22","12,357.64","12,332.25",-,-0.08%
"Oct 16, 2017","12,359.52","12,365.99","12,377.25","12,343.18",-,0.06%
"Oct 13, 2017","12,352.00","12,360.87","12,377.89","12,350.03",-,0.11%
"Oct 12, 2017","12,338.74","12,342.15","12,353.14","12,325.03",-,-0.19%
"Oct 11, 2017","12,362.06","12,347.21","12,362.19","12,338.18",-,0.13%
"Oct 10, 2017","12,346.59","12,329.65","12,356.00","12,321.61",-,0.43%
"Oct 09, 2017","12,293.95","12,328.19","12,334.31","12,281.17",-,-0.19%
"Oct 06, 2017","12,317.69","12,314.61","12,317.98","12,291.87",-,-0.17%
"Oct 05, 2017","12,338.93","12,307.72","12,351.14","12,303.05",-,0.28%
"Oct 04, 2017","12,304.67","12,298.11","12,320.03","12,289.17",-,0.01%
"Oct 03, 2017","12,302.88","12,274.73","12,303.72","12,266.52",-,0.31%
"Oct 02, 2017","12,264.67","12,209.16","12,265.39","12,200.13",-,0.45%
"Sep 29, 2017","12,209.16","12,179.31","12,209.45","12,172.12",-,0.25%
"Sep 28, 2017","12,179.31","12,147.61","12,183.67","12,142.98",-,0.18%
"Sep 27, 2017","12,157.65","12,154.55","12,173.34","12,112.12",-,0.25%
"Sep 26, 2017","12,127.92","12,142.06","12,156.50","12,125.75",-,-0.11%
"Sep 25, 2017","12,141.56","12,144.07","12,165.25","12,108.01",-,-0.08%
"Sep 22, 2017","12,151.79","12,134.46","12,156.10","12,133.69",-,0.15%
"Sep 21, 2017","12,133.62","12,140.21","12,152.77","12,120.88",-,-0.11%
"Sep 20, 2017","12,147.50","12,137.49","12,158.98","12,103.13",-,0.13%
"Sep 19, 2017","12,131.73","12,126.23","12,137.60","12,116.63",-,0.17%
"Sep 18, 2017","12,111.45","12,094.83","12,123.74","12,091.73",-,0.26%
"Sep 15, 2017","12,080.14","12,065.33","12,080.68","12,050.52",-,0.15%
"Sep 14, 2017","12,062.62","12,042.54","12,065.80","12,033.64",-,0.06%
"Sep 13, 2017","12,055.18","12,049.72","12,063.25","12,044.66",-,-0.02%
"Sep 12, 2017","12,057.13","12,029.79","12,061.05","12,028.71",-,0.39%
"Sep 11, 2017","12,010.27","11,943.47","12,015.79","11,943.47",-,1.03%
"Sep 08, 2017","11,887.98","11,873.99","11,902.44","11,861.74",-,0.07%
"Sep 07, 2017","11,879.61","11,896.80","11,899.62","11,858.74",-,0.06%
"Sep 06, 2017","11,872.92","11,859.32","11,889.27","11,855.15",-,0.39%
"Sep 05, 2017","11,827.15","11,894.93","11,898.12","11,783.87",-,-0.76%
"Sep 01, 2017","11,918.08","11,897.97","11,934.97","11,897.97",-,0.36%
"Aug 31, 2017","11,875.69","11,833.88","11,890.31","11,833.88",-,0.60%
"Aug 30, 2017","11,805.07","11,783.38","11,818.68","11,770.06",-,0.11%
"Aug 29, 2017","11,791.88","11,733.80","11,801.41","11,728.98",-,-0.07%
"Aug 28, 2017","11,800.22","11,831.02","11,836.46","11,776.45",-,-0.10%
"Aug 25, 2017","11,812.03","11,804.88","11,845.50","11,804.88",-,0.32%
"Aug 24, 2017","11,773.80","11,806.89","11,816.60","11,769.99",-,-0.10%
"Aug 23, 2017","11,785.92","11,770.65","11,805.49","11,758.99",-,-0.16%
"Aug 22, 2017","11,805.29","11,743.41","11,813.91","11,743.41",-,0.73%
"Aug 21, 2017","11,719.27","11,700.11","11,726.90","11,678.21",-,0.17%
"Aug 18, 2017","11,699.83","11,702.01","11,753.83","11,670.88",-,-0.11%
"Aug 17, 2017","11,712.72","11,839.91","11,856.49","11,712.60",-,-1.32%
"Aug 16, 2017","11,868.85","11,868.18","11,891.04","11,857.47",-,0.21%
"Aug 15, 2017","11,843.48","11,861.18","11,862.48","11,829.95",-,-0.11%
"Aug 14, 2017","11,856.06","11,820.18","11,879.03","11,820.18",-,0.79%
"Aug 11, 2017","11,763.21","11,754.40","11,791.38","11,753.30",-,-0.07%
"Aug 10, 2017","11,771.60","11,889.28","11,889.28","11,770.48",-,-1.32%
"Aug 09, 2017","11,929.46","11,906.63","11,930.13","11,896.36",-,-0.17%
"Aug 08, 2017","11,949.97","11,987.77","12,019.85","11,931.71",-,-0.32%
"Aug 07, 2017","11,987.77","11,983.72","11,987.79","11,969.94",-,0.02%
"Aug 04, 2017","11,984.89","11,982.03","11,994.95","11,959.99",-,0.24%
"Aug 03, 2017","11,956.52","11,968.48","11,975.42","11,944.19",-,-0.19%
"Aug 02, 2017","11,979.37","11,979.10","11,981.41","11,938.90",-,-0.17%
"Aug 01, 2017","12,000.02","12,006.74","12,012.65","11,978.95",-,0.27%
"Jul 31, 2017","11,967.67","11,976.21","11,989.53","11,950.58",-,0.11%
"Jul 28, 2017","11,954.69","11,950.60","11,959.86","11,923.16",-,-0.07%
"Jul 27, 2017","11,963.23","11,977.89","11,977.89","11,911.79",-,-0.01%
"Jul 26, 2017","11,964.91","11,983.75","11,985.19","11,956.41",-,-0.01%
"Jul 25, 2017","11,965.72","11,973.06","11,985.80","11,952.22",-,0.51%
"Jul 24, 2017","11,904.71","11,918.53","11,919.61","11,891.66",-,-0.17%
"Jul 21, 2017","11,924.60","11,944.50","11,944.50","11,890.58",-,-0.17%
"Jul 20, 2017","11,944.50","11,956.27","11,963.55","11,928.67",-,0.03%
"Jul 19, 2017","11,941.34","11,894.34","11,941.38","11,893.42",-,0.54%
"Jul 18, 2017","11,877.42","11,878.77","11,879.97","11,843.82",-,-0.11%
"Jul 17, 2017","11,890.51","11,894.69","11,910.85","11,882.36",-,-0.06%
"Jul 14, 2017","11,897.31","11,844.03","11,918.17","11,838.55",-,0.44%
"Jul 13, 2017","11,844.62","11,832.78","11,849.39","11,810.05",-,0.16%
"Jul 12, 2017","11,825.90","11,794.43","11,846.00","11,794.43",-,0.69%
"Jul 11, 2017","11,744.77","11,748.23","11,759.17","11,684.75",-,-0.06%
"Jul 10, 2017","11,751.79","11,744.24","11,776.90","11,733.74",-,-0.01%
"Jul 07, 2017","11,752.98","11,713.66","11,757.56","11,698.08",-,0.43%
"Jul 06, 2017","11,702.43","11,766.13","11,771.18","11,694.08",-,-0.91%
"Jul 05, 2017","11,809.49","11,826.25","11,829.92","11,772.92",-,-0.22%
"Jul 03, 2017","11,835.72","11,801.45","11,869.82","11,801.45",-,0.63%
"Jun 30, 2017","11,761.70","11,777.63","11,799.46","11,738.16",-,0.19%
"Jun 29, 2017","11,739.98","11,835.50","11,837.60","11,683.31",-,-0.62%
"Jun 28, 2017","11,812.80","11,771.14","11,827.50","11,771.14",-,0.82%
"Jun 27, 2017","11,716.92","11,765.80","11,787.60","11,716.92",-,-0.36%
"Jun 26, 2017","11,758.86","11,761.45","11,793.54","11,741.79",-,0.22%
"Jun 23, 2017","11,733.20","11,716.58","11,750.33","11,702.10",-,0.18%
"Jun 22, 2017","11,712.52","11,704.12","11,741.88","11,697.93",-,0.14%
"Jun 21, 2017","11,696.28","11,742.48","11,753.31","11,678.90",-,-0.36%
"Jun 20, 2017","11,738.95","11,801.20","11,801.20","11,736.87",-,-0.80%
"Jun 19, 2017","11,833.34","11,801.83","11,836.96","11,800.42",-,0.52%
"Jun 16, 2017","11,772.02","11,745.29","11,772.03","11,716.69",-,0.27%
"Jun 15, 2017","11,740.52","11,703.25","11,744.62","11,693.90",-,-0.33%
"Jun 14, 2017","11,779.81","11,810.87","11,811.50","11,750.75",-,-0.14%
"Jun 13, 2017","11,796.79","11,770.09","11,799.19","11,757.75",-,0.43%
"Jun 12, 2017","11,746.46","11,749.35","11,774.18","11,715.09",-,0.01%
"Jun 09, 2017","11,744.73","11,678.86","11,754.75","11,678.86",-,0.56%
"Jun 08, 2017","11,678.95","11,664.52","11,702.64","11,655.13",-,0.10%
"Jun 07, 2017","11,667.73","11,677.82","11,698.15","11,635.57",-,-0.03%
"Jun 06, 2017","11,671.46","11,661.94","11,693.09","11,644.14",-,-0.19%
"Jun 05, 2017","11,693.68","11,700.46","11,711.58","11,683.14",-,-0.21%
"Jun 02, 2017","11,718.70","11,702.13","11,728.80","11,684.96",-,0.16%
"Jun 01, 2017","11,699.79","11,616.21","11,699.83","11,603.41",-,0.88%
"May 31, 2017","11,598.03","11,610.89","11,613.11","11,554.86",-,-0.03%
"May 30, 2017","11,601.31","11,607.00","11,616.46","11,588.27",-,-0.26%
"May 26, 2017","11,631.87","11,625.32","11,635.46","11,617.17",-,-0.06%
"May 25, 2017","11,639.30","11,641.36","11,666.90","11,623.19",-,0.16%
"May 24, 2017","11,621.23","11,605.29","11,626.14","11,593.43",-,0.14%
"May 23, 2017","11,604.62","11,602.38","11,620.27","11,587.82",-,0.17%
"May 22, 2017","11,585.21","11,574.83","11,592.52","11,560.38",-,0.37%
"May 19, 2017","11,542.69","11,475.01","11,573.21","11,474.52",-,0.95%
"May 18, 2017","11,434.06","11,392.90","11,479.00","11,374.64",-,0.09%
"May 17, 2017","11,423.53","11,522.97","11,530.52","11,422.58",-,-1.58%
"May 16, 2017","11,606.49","11,635.00","11,642.85","11,594.82",-,-0.07%
"May 15, 2017","11,614.23","11,547.44","11,628.24","11,547.44",-,0.58%
"May 12, 2017","11,547.05","11,551.36","11,557.82","11,531.12",-,-0.14%
"May 11, 2017","11,563.60","11,572.00","11,574.45","11,508.17",-,-0.31%
"May 10, 2017","11,598.99","11,571.72","11,599.50","11,561.27",-,0.27%
"May 09, 2017","11,567.52","11,602.42","11,604.72","11,547.08",-,-0.24%
"May 08, 2017","11,595.26","11,607.28","11,612.18","11,571.46",-,-0.18%
"May 05, 2017","11,615.61","11,554.08","11,615.61","11,552.36",-,0.70%
"May 04, 2017","11,534.71","11,544.14","11,546.22","11,490.42",-,0.04%
"May 03, 2017","11,529.66","11,527.89","11,537.06","11,493.32",-,-0.19%
"May 02, 2017","11,551.30","11,554.10","11,562.64","11,529.87",-,0.13%
"May 01, 2017","11,536.49","11,550.41","11,569.46","11,525.16",-,0.00%
"Apr 28, 2017","11,536.08","11,579.31","11,579.31","11,531.89",-,-0.37%
"Apr 27, 2017","11,578.52","11,601.33","11,601.33","11,545.85",-,-0.12%
"Apr 26, 2017","11,592.91","11,594.67","11,653.17","11,590.32",-,-0.09%
"Apr 25, 2017","11,603.92","11,573.67","11,619.04","11,571.10",-,0.63%
"Apr 24, 2017","11,531.79","11,515.01","11,546.09","11,512.14",-,1.25%
"Apr 21, 2017","11,389.13","11,419.49","11,427.64","11,372.41",-,-0.33%
"Apr 20, 2017","11,426.91","11,375.66","11,449.15","11,366.96",-,0.74%
"Apr 19, 2017","11,342.42","11,401.99","11,416.90","11,327.22",-,-0.32%
"Apr 18, 2017","11,378.58","11,426.83","11,426.83","11,333.74",-,-0.42%
"Apr 17, 2017","11,427.08","11,351.67","11,427.24","11,343.26",-,0.91%
"Apr 13, 2017","11,324.53","11,390.75","11,420.39","11,324.53",-,-0.86%
"Apr 12, 2017","11,423.17","11,460.22","11,462.51","11,405.55",-,-0.44%
"Apr 11, 2017","11,473.62","11,456.21","11,474.67","11,393.38",-,0.08%
"Apr 10, 2017","11,464.34","11,454.11","11,496.73","11,435.71",-,0.16%
"Apr 07, 2017","11,445.58","11,444.30","11,483.72","11,428.36",-,-0.10%
"Apr 06, 2017","11,457.29","11,426.58","11,485.38","11,410.45",-,0.30%
"Apr 05, 2017","11,423.36","11,501.62","11,560.82","11,418.86",-,-0.41%
"Apr 04, 2017","11,470.54","11,463.78","11,472.04","11,424.17",-,0.06%
"Apr 03, 2017","11,463.91","11,495.33","11,502.25","11,394.34",-,-0.25%
"Mar 31, 2017","11,492.85","11,497.81","11,528.29","11,489.88",-,-0.23%
"Mar 30, 2017","11,519.84","11,494.86","11,537.70","11,488.58",-,0.20%
"Mar 29, 2017","11,496.67","11,463.73","11,507.52","11,445.72",-,0.02%
"Mar 28, 2017","11,493.84","11,403.71","11,511.88","11,402.74",-,0.70%
"Mar 27, 2017","11,414.33","11,341.32","11,427.85","11,324.50",-,-0.04%
"Mar 24, 2017","11,418.89","11,440.91","11,468.92","11,381.96",-,-0.10%
"Mar 23, 2017","11,430.89","11,410.47","11,494.04","11,404.16",-,0.04%
"Mar 22, 2017","11,426.69","11,406.60","11,440.88","11,372.30",-,0.05%
"Mar 21, 2017","11,420.43","11,598.56","11,607.23","11,412.88",-,-1.18%
"Mar 20, 2017","11,556.93","11,582.72","11,591.33","11,540.45",-,-0.28%
"Mar 17, 2017","11,589.01","11,614.90","11,621.57","11,582.47",-,-0.10%
"Mar 16, 2017","11,600.23","11,619.06","11,630.93","11,583.43",-,0.09%
"Mar 15, 2017","11,590.31","11,490.32","11,609.86","11,490.32",-,1.14%
"Mar 14, 2017","11,459.29","11,479.03","11,479.03","11,428.73",-,-0.52%
"Mar 13, 2017","11,519.44","11,507.19","11,522.44","11,498.10",-,0.16%
"Mar 10, 2017","11,500.76","11,510.94","11,520.67","11,454.08",-,0.38%
"Mar 09, 2017","11,457.64","11,454.59","11,484.02","11,411.84",-,0.08%
"Mar 08, 2017","11,448.21","11,511.84","11,521.23","11,443.03",-,-0.51%
"Mar 07, 2017","11,506.32","11,547.79","11,547.79","11,498.93",-,-0.36%
"Mar 06, 2017","11,547.79","11,556.63","11,562.59","11,517.60",-,-0.44%
"Mar 03, 2017","11,598.37","11,575.92","11,604.52","11,558.82",-,0.19%
"Mar 02, 2017","11,575.91","11,633.64","11,633.64","11,569.65",-,-0.73%
"Mar 01, 2017","11,661.22","11,593.21","11,687.07","11,593.21",-,1.29%
"Feb 28, 2017","11,512.39","11,528.91","11,542.00","11,498.91",-,-0.40%
"Feb 27, 2017","11,558.35","11,531.39","11,564.64","11,517.33",-,0.15%
"Feb 24, 2017","11,541.29","11,556.15","11,556.15","11,486.17",-,-0.13%
"Feb 23, 2017","11,556.15","11,586.96","11,590.35","11,525.41",-,0.05%
"Feb 22, 2017","11,550.18","11,544.17","11,567.95","11,530.85",-,-0.24%
"Feb 21, 2017","11,578.25","11,517.94","11,582.64","11,517.94",-,0.59%
"Feb 17, 2017","11,510.91","11,468.01","11,510.92","11,455.66",-,0.06%
"Feb 16, 2017","11,504.19","11,519.32","11,525.21","11,467.37",-,-0.09%
"Feb 15, 2017","11,514.40","11,469.10","11,523.93","11,445.42",-,0.40%
"Feb 14, 2017","11,468.87","11,419.11","11,468.88","11,396.51",-,0.31%
"Feb 13, 2017","11,433.93","11,378.11","11,450.64","11,378.11",-,0.49%
"Feb 10, 2017","11,377.72","11,347.93","11,390.89","11,345.78",-,0.44%
"Feb 09, 2017","11,327.68","11,274.38","11,339.76","11,274.38",-,0.67%
"Feb 08, 2017","11,251.80","11,222.08","11,254.79","11,196.93",-,0.07%
"Feb 07, 2017","11,243.38","11,271.75","11,285.18","11,229.20",-,-0.18%
"Feb 06, 2017","11,264.11","11,278.41","11,289.48","11,245.46",-,-0.41%
"Feb 03, 2017","11,310.74","11,268.02","11,316.73","11,257.17",-,0.85%
"Feb 02, 2017","11,215.38","11,196.13","11,225.46","11,181.43",-,0.07%
"Feb 01, 2017","11,207.24","11,244.82","11,259.89","11,171.57",-,-0.14%
"Jan 31, 2017","11,222.95","11,195.52","11,225.94","11,166.21",-,0.16%
"Jan 30, 2017","11,205.24","11,228.36","11,229.26","11,147.11",-,-0.69%
"Jan 27, 2017","11,283.19","11,311.33","11,314.32","11,270.64",-,-0.26%
"Jan 26, 2017","11,313.12","11,335.72","11,344.74","11,303.06",-,-0.23%
"Jan 25, 2017","11,339.05","11,297.43","11,343.78","11,294.76",-,0.80%
"Jan 24, 2017","11,249.28","11,183.56","11,269.64","11,180.78",-,0.70%
"Jan 23, 2017","11,170.62","11,178.43","11,188.58","11,130.05",-,-0.20%
"Jan 20, 2017","11,192.79","11,175.52","11,208.21","11,160.59",-,0.39%
"Jan 19, 2017","11,148.85","11,195.83","11,203.38","11,118.47",-,-0.42%
"Jan 18, 2017","11,196.10","11,187.33","11,203.43","11,166.79",-,0.00%
"Jan 17, 2017","11,196.29","11,209.72","11,221.90","11,176.50",-,-0.28%
"Jan 13, 2017","11,227.17","11,218.05","11,244.32","11,212.08",-,0.21%
"Jan 12, 2017","11,204.15","11,213.90","11,214.58","11,136.19",-,-0.20%
"Jan 11, 2017","11,226.78","11,181.93","11,226.80","11,154.01",-,0.39%
"Jan 10, 2017","11,183.33","11,181.74","11,229.51","11,171.58",-,0.12%
"Jan 09, 2017","11,169.79","11,209.71","11,209.71","11,169.76",-,-0.60%
"Jan 06, 2017","11,237.62","11,235.44","11,260.84","11,205.30",-,-0.09%
"Jan 05, 2017","11,247.69","11,243.12","11,264.17","11,209.63",-,0.01%
"Jan 04, 2017","11,246.54","11,186.78","11,252.63","11,186.78",-,0.83%
"Jan 03, 2017","11,154.35","11,138.85","11,176.91","11,094.29",-,0.88%
"Dec 30, 2016","11,056.89","11,094.81","11,104.09","11,034.05",-,-0.16%
"Dec 29, 2016","11,074.33","11,071.11","11,092.48","11,057.67",-,0.14%
"Dec 28, 2016","11,058.88","11,148.32","11,149.79","11,057.15",-,-0.79%
"Dec 27, 2016","11,146.40","11,153.57","11,157.75","11,144.12",-,0.16%
"Dec 23, 2016","11,128.80","11,111.50","11,128.86","11,110.05",-,0.13%
"Dec 22, 2016","11,114.14","11,127.78","11,127.78","11,100.93",-,-0.26%
"Dec 21, 2016","11,142.57","11,170.41","11,174.40","11,142.57",-,-0.27%
"Dec 20, 2016","11,172.19","11,145.29","11,176.68","11,145.29",-,0.39%
"Dec 19, 2016","11,128.54","11,127.00","11,150.31","11,110.59",-,0.03%
"Dec 16, 2016","11,125.22","11,152.21","11,162.94","11,109.59",-,-0.06%
"Dec 15, 2016","11,131.89","11,087.13","11,170.65","11,086.39",-,0.30%
"Dec 14, 2016","11,098.67","11,214.03","11,234.00","11,087.01",-,-1.23%
"Dec 13, 2016","11,237.17","11,216.83","11,256.07","11,189.43",-,0.54%
"Dec 12, 2016","11,177.28","11,200.20","11,227.30","11,163.20",-,-0.13%
"Dec 09, 2016","11,191.79","11,153.10","11,194.23","11,152.68",-,0.38%
"Dec 08, 2016","11,149.96","11,114.32","11,176.63","11,094.79",-,0.32%
"Dec 07, 2016","11,114.61","10,977.41","11,118.00","10,974.20",-,1.31%
"Dec 06, 2016","10,970.78","10,923.58","10,973.92","10,902.26",-,0.55%
"Dec 05, 2016","10,910.90","10,890.15","10,923.91","10,888.71",-,0.67%
"Dec 02, 2016","10,838.58","10,828.99","10,867.70","10,821.21",-,0.09%
"Dec 01, 2016","10,828.99","10,860.42","10,876.38","10,812.75",-,-0.09%
"Nov 30, 2016","10,838.46","10,872.38","10,890.04","10,838.45",-,0.19%
"Nov 29, 2016","10,817.70","10,798.92","10,842.28","10,786.40",-,0.08%
"Nov 28, 2016","10,808.63","10,857.47","10,864.77","10,803.09",-,-0.64%
"Nov 25, 2016","10,878.09","10,854.69","10,878.10","10,852.89",-,0.39%
"Nov 23, 2016","10,835.91","10,772.61","10,837.23","10,768.80",-,0.15%
"Nov 22, 2016","10,820.18","10,793.34","10,828.27","10,768.60",-,0.26%
"Nov 21, 2016","10,791.84","10,753.25","10,793.37","10,752.08",-,0.77%
"Nov 18, 2016","10,709.51","10,725.34","10,735.09","10,695.22",-,-0.28%
"Nov 17, 2016","10,740.08","10,717.88","10,759.15","10,717.68",-,0.38%
"Nov 16, 2016","10,699.43","10,705.47","10,719.89","10,677.27",-,-0.43%
"Nov 15, 2016","10,745.51","10,680.42","10,745.53","10,664.85",-,0.62%
"Nov 14, 2016","10,679.77","10,660.45","10,695.57","10,633.98",-,0.26%
"Nov 11, 2016","10,652.24","10,644.56","10,660.98","10,585.63",-,-0.29%
"Nov 10, 2016","10,683.41","10,678.97","10,735.00","10,617.84",-,0.38%
"Nov 09, 2016","10,643.41","10,477.79","10,679.69","10,474.73",-,1.07%
"Nov 08, 2016","10,530.56","10,462.84","10,563.51","10,454.35",-,0.29%
"Nov 07, 2016","10,500.16","10,416.34","10,500.19","10,416.34",-,2.05%
"Nov 04, 2016","10,289.35","10,308.31","10,352.98","10,281.48",-,-0.18%
"Nov 03, 2016","10,307.64","10,350.62","10,370.27","10,292.95",-,-0.26%
"Nov 02, 2016","10,334.50","10,389.95","10,407.32","10,316.44",-,-0.76%
"Nov 01, 2016","10,414.05","10,508.01","10,513.53","10,354.86",-,-0.65%
"Oct 31, 2016","10,481.89","10,476.92","10,505.99","10,465.42",-,0.05%
"Oct 28, 2016","10,476.62","10,495.31","10,538.21","10,447.25",-,-0.25%
"Oct 27, 2016","10,503.06","10,561.54","10,562.91","10,495.87",-,-0.24%
"Oct 26, 2016","10,528.19","10,505.99","10,558.75","10,497.38",-,-0.21%
"Oct 25, 2016","10,550.19","10,575.19","10,590.59","10,542.63",-,-0.39%
"Oct 24, 2016","10,591.30","10,610.58","10,629.63","10,567.24",-,0.18%
"Oct 21, 2016","10,571.88","10,545.12","10,580.15","10,522.32",-,-0.16%
"Oct 20, 2016","10,589.24","10,587.83","10,626.44","10,560.98",-,-0.11%
"Oct 19, 2016","10,600.92","10,580.45","10,623.30","10,561.13",-,0.31%
"Oct 18, 2016","10,567.81","10,578.89","10,583.83","10,539.80",-,0.71%
"Oct 17, 2016","10,492.86","10,516.30","10,531.46","10,481.59",-,-0.27%
"Oct 14, 2016","10,521.30","10,579.77","10,606.67","10,521.29",-,-0.02%
"Oct 13, 2016","10,522.94","10,487.61","10,551.50","10,425.91",-,-0.35%
"Oct 12, 2016","10,560.27","10,546.01","10,587.46","10,525.56",-,0.12%
"Oct 11, 2016","10,548.00","10,656.22","10,656.22","10,510.61",-,-1.26%
"Oct 10, 2016","10,682.67","10,671.22","10,711.83","10,671.22",-,0.52%
"Oct 07, 2016","10,626.92","10,680.47","10,689.42","10,579.63",-,-0.46%
"Oct 06, 2016","10,675.74","10,664.54","10,684.90","10,627.70",-,-0.08%
"Oct 05, 2016","10,683.94","10,666.41","10,703.92","10,664.15",-,0.52%
"Oct 04, 2016","10,629.15","10,705.86","10,712.58","10,597.04",-,-0.58%
"Oct 03, 2016","10,690.77","10,721.85","10,721.85","10,658.56",-,-0.29%
"Sep 30, 2016","10,721.74","10,679.07","10,758.01","10,668.34",-,0.73%
"Sep 29, 2016","10,643.52","10,742.08","10,764.27","10,614.04",-,-1.02%
"Sep 28, 2016","10,753.45","10,665.58","10,757.79","10,623.21",-,0.83%
"Sep 27, 2016","10,665.34","10,600.15","10,676.86","10,587.93",-,0.38%
"Sep 26, 2016","10,624.88","10,675.25","10,678.12","10,621.06",-,-0.87%
"Sep 23, 2016","10,717.99","10,793.66","10,793.66","10,712.88",-,-0.70%
"Sep 22, 2016","10,793.66","10,769.38","10,818.11","10,769.38",-,0.80%
"Sep 21, 2016","10,708.37","10,605.10","10,716.58","10,584.34",-,1.40%
"Sep 20, 2016","10,560.26","10,608.56","10,620.36","10,558.36",-,-0.04%
"Sep 19, 2016","10,564.30","10,533.42","10,625.69","10,533.42",-,0.30%
"Sep 16, 2016","10,532.27","10,554.10","10,554.10","10,498.35",-,-0.67%
"Sep 15, 2016","10,602.94","10,501.32","10,625.80","10,491.09",-,0.87%
"Sep 14, 2016","10,511.40","10,533.71","10,596.46","10,487.80",-,-0.23%
"Sep 13, 2016","10,535.36","10,644.47","10,644.47","10,502.32",-,-1.92%
"Sep 12, 2016","10,741.24","10,563.73","10,760.59","10,553.65",-,1.20%
"Sep 09, 2016","10,613.53","10,799.13","10,799.13","10,613.53",-,-2.47%
"Sep 08, 2016","10,882.33","10,879.97","10,903.86","10,857.23",-,-0.07%
"Sep 07, 2016","10,890.18","10,886.51","10,898.76","10,856.76",-,-0.01%
"Sep 06, 2016","10,890.79","10,879.64","10,891.22","10,838.95",-,0.31%
"Sep 02, 2016","10,856.92","10,830.55","10,867.85","10,827.19",-,0.79%
"Sep 01, 2016","10,771.93","10,762.45","10,780.71","10,704.00",-,0.07%
"Aug 31, 2016","10,764.75","10,780.21","10,785.65","10,714.09",-,-0.30%
"Aug 30, 2016","10,797.54","10,817.34","10,825.72","10,772.13",-,-0.13%
"Aug 29, 2016","10,811.35","10,753.45","10,825.04","10,753.45",-,0.58%
"Aug 26, 2016","10,749.33","10,808.40","10,869.47","10,710.05",-,-0.32%
"Aug 25, 2016","10,784.37","10,780.73","10,813.98","10,770.29",-,-0.06%
"Aug 24, 2016","10,791.18","10,845.17","10,848.90","10,774.97",-,-0.52%
"Aug 23, 2016","10,847.49","10,857.94","10,879.28","10,847.01",-,0.29%
"Aug 22, 2016","10,815.92","10,798.10","10,824.56","10,775.18",-,-0.12%
"Aug 19, 2016","10,829.15","10,822.51","10,834.51","10,783.29",-,-0.31%
"Aug 18, 2016","10,863.01","10,823.79","10,863.02","10,820.84",-,0.35%
"Aug 17, 2016","10,824.64","10,803.68","10,828.94","10,754.65",-,0.14%
"Aug 16, 2016","10,809.74","10,843.41","10,843.58","10,809.68",-,-0.45%
"Aug 15, 2016","10,858.50","10,838.34","10,892.15","10,838.34",-,0.33%
"Aug 12, 2016","10,822.41","10,827.87","10,843.50","10,798.97",-,-0.13%
"Aug 11, 2016","10,836.15","10,775.06","10,848.20","10,775.06",-,0.57%
"Aug 10, 2016","10,774.98","10,812.32","10,821.21","10,761.07",-,-0.27%
"Aug 09, 2016","10,804.51","10,797.38","10,828.51","10,786.45",-,0.15%
"Aug 08, 2016","10,788.01","10,789.85","10,806.30","10,778.17",-,0.05%
"Aug 05, 2016","10,782.87","10,731.82","10,782.87","10,729.67",-,0.71%
"Aug 04, 2016","10,707.13","10,697.23","10,726.30","10,679.64",-,0.11%
"Aug 03, 2016","10,695.14","10,660.91","10,695.14","10,624.64",-,0.32%
"Aug 02, 2016","10,661.13","10,729.11","10,730.88","10,619.39",-,-0.64%
"Aug 01, 2016","10,730.20","10,768.75","10,780.60","10,713.72",-,-0.51%
"Jul 29, 2016","10,785.51","10,734.07","10,797.99","10,717.38",-,0.38%
"Jul 28, 2016","10,744.16","10,727.87","10,758.04","10,692.83",-,0.04%
"Jul 27, 2016","10,739.77","10,782.32","10,785.24","10,696.80",-,-0.31%
"Jul 26, 2016","10,772.99","10,754.94","10,788.93","10,727.34",-,0.19%
"Jul 25, 2016","10,752.43","10,787.57","10,787.57","10,725.14",-,-0.49%
"Jul 22, 2016","10,805.04","10,764.27","10,807.22","10,750.67",-,0.43%
"Jul 21, 2016","10,758.62","10,784.68","10,811.74","10,735.08",-,-0.32%
"Jul 20, 2016","10,793.10","10,758.60","10,805.01","10,746.58",-,0.32%
"Jul 19, 2016","10,758.54","10,754.54","10,763.98","10,733.08",-,-0.32%
"Jul 18, 2016","10,793.17","10,773.11","10,797.99","10,747.28",-,0.19%
"Jul 15, 2016","10,773.12","10,808.89","10,811.53","10,744.21",-,-0.13%
"Jul 14, 2016","10,786.63","10,806.21","10,815.43","10,769.59",-,0.49%
"Jul 13, 2016","10,734.20","10,743.20","10,751.24","10,692.45",-,0.07%
"Jul 12, 2016","10,726.79","10,685.57","10,748.01","10,685.57",-,0.94%
"Jul 11, 2016","10,627.20","10,606.03","10,650.86","10,600.16",-,0.52%
"Jul 08, 2016","10,571.78","10,414.81","10,582.45","10,414.81",-,1.52%
"Jul 07, 2016","10,413.97","10,461.14","10,495.27","10,373.47",-,-0.26%
"Jul 06, 2016","10,441.58","10,356.21","10,445.17","10,308.22",-,0.31%
"Jul 05, 2016","10,409.54","10,452.48","10,455.93","10,378.53",-,-1.01%
"Jul 01, 2016","10,515.76","10,495.08","10,535.79","10,490.79",-,0.25%
"Jun 30, 2016","10,489.76","10,374.57","10,489.76","10,336.52",-,1.35%
"Jun 29, 2016","10,350.53","10,254.86","10,362.06","10,254.86",-,1.86%
"Jun 28, 2016","10,161.16","10,073.15","10,161.16","10,063.83",-,1.88%
"Jun 27, 2016","9,973.54","10,084.48","10,084.48","9,918.72",-,-2.06%
"Jun 24, 2016","10,183.51","10,335.92","10,360.10","10,164.42",-,-4.30%
"Jun 23, 2016","10,641.17","10,573.47","10,641.17","10,561.79",-,1.61%
"Jun 22, 2016","10,473.06","10,507.94","10,549.96","10,469.71",-,-0.17%
"Jun 21, 2016","10,490.78","10,481.16","10,521.59","10,448.37",-,0.39%
"Jun 20, 2016","10,450.03","10,456.92","10,527.79","10,448.02",-,0.99%
"Jun 17, 2016","10,347.94","10,343.61","10,363.99","10,292.67",-,0.24%
"Jun 16, 2016","10,322.84","10,237.93","10,328.89","10,166.98",-,0.25%
"Jun 15, 2016","10,297.16","10,294.68","10,365.76","10,289.31",-,0.02%
"Jun 14, 2016","10,294.59","10,310.08","10,340.34","10,241.19",-,-0.53%
"Jun 13, 2016","10,349.18","10,400.15","10,452.62","10,345.37",-,-0.93%
"Jun 10, 2016","10,446.10","10,501.57","10,501.57","10,417.11",-,-1.36%
"Jun 09, 2016","10,589.82","10,581.22","10,599.33","10,553.26",-,-0.46%
"Jun 08, 2016","10,638.36","10,620.19","10,648.05","10,610.21",-,0.37%
"Jun 07, 2016","10,599.22","10,554.59","10,626.83","10,554.59",-,0.42%
"Jun 06, 2016","10,554.82","10,508.50","10,568.85","10,508.50",-,0.64%
"Jun 03, 2016","10,487.94","10,477.78","10,504.46","10,417.90",-,0.00%
"Jun 02, 2016","10,487.58","10,424.68","10,487.61","10,403.51",-,0.31%
"Jun 01, 2016","10,454.93","10,385.93","10,462.00","10,369.50",-,0.13%
"May 31, 2016","10,441.00","10,479.88","10,496.94","10,406.64",-,-0.27%
"May 27, 2016","10,469.52","10,437.97","10,469.53","10,436.55",-,0.29%
"May 26, 2016","10,439.61","10,462.28","10,475.78","10,426.17",-,-0.07%
"May 25, 2016","10,446.58","10,399.12","10,465.64","10,399.12",-,0.90%
"May 24, 2016","10,353.56","10,275.79","10,370.24","10,275.79",-,1.24%
"May 23, 2016","10,226.56","10,237.99","10,259.89","10,222.31",-,-0.23%
"May 20, 2016","10,250.49","10,224.75","10,272.68","10,224.75",-,0.57%
"May 19, 2016","10,192.48","10,189.77","10,209.84","10,119.65",-,-0.46%
"May 18, 2016","10,239.65","10,229.97","10,320.10","10,183.31",-,-0.18%
"May 17, 2016","10,257.61","10,312.69","10,334.74","10,226.62",-,-0.72%
"May 16, 2016","10,332.47","10,243.20","10,355.25","10,243.20",-,1.02%
"May 13, 2016","10,228.06","10,305.85","10,334.39","10,210.26",-,-1.03%
"May 12, 2016","10,334.38","10,375.88","10,399.95","10,283.48",-,0.02%
"May 11, 2016","10,332.24","10,391.93","10,408.93","10,332.24",-,-0.88%
"May 10, 2016","10,424.11","10,323.27","10,424.67","10,323.27",-,1.29%
"May 09, 2016","10,291.59","10,300.66","10,325.05","10,261.12",-,-0.17%
"May 06, 2016","10,308.83","10,280.99","10,315.92","10,230.50",-,0.27%
"May 05, 2016","10,281.32","10,303.04","10,340.46","10,254.72",-,-0.05%
"May 04, 2016","10,286.24","10,302.68","10,337.21","10,257.75",-,-0.77%
"May 03, 2016","10,365.83","10,432.24","10,432.24","10,323.24",-,-1.24%
"May 02, 2016","10,496.33","10,450.13","10,503.41","10,430.22",-,0.57%
"Apr 29, 2016","10,436.92","10,480.22","10,480.22","10,370.35",-,-0.42%
"Apr 28, 2016","10,480.45","10,521.17","10,577.89","10,461.53",-,-0.86%
"Apr 27, 2016","10,571.83","10,528.48","10,593.21","10,507.59",-,0.47%
"Apr 26, 2016","10,522.58","10,492.57","10,525.38","10,477.79",-,0.54%
"Apr 25, 2016","10,465.65","10,487.83","10,487.83","10,424.19",-,-0.43%
"Apr 22, 2016","10,511.00","10,464.20","10,520.00","10,464.20",-,0.54%
"Apr 21, 2016","10,454.82","10,524.48","10,536.69","10,440.47",-,-0.69%
"Apr 20, 2016","10,527.79","10,517.06","10,572.24","10,489.03",-,0.10%
"Apr 19, 2016","10,517.30","10,463.64","10,528.64","10,424.93",-,0.89%
"Apr 18, 2016","10,424.93","10,315.65","10,427.16","10,304.22",-,0.67%
"Apr 15, 2016","10,355.57","10,359.58","10,359.58","10,332.87",-,-0.05%
"Apr 14, 2016","10,360.24","10,359.19","10,377.66","10,334.45",-,0.01%
"Apr 13, 2016","10,359.51","10,271.66","10,362.13","10,271.66",-,1.18%
"Apr 12, 2016","10,238.69","10,114.58","10,257.30","10,114.58",-,1.23%
"Apr 11, 2016","10,114.58","10,154.08","10,210.56","10,114.45",-,-0.05%
"Apr 08, 2016","10,119.69","10,108.71","10,170.96","10,093.28",-,0.74%
"Apr 07, 2016","10,045.15","10,112.98","10,117.16","10,004.77",-,-1.13%
"Apr 06, 2016","10,159.85","10,062.84","10,162.30","10,044.41",-,0.98%
"Apr 05, 2016","10,061.08","10,104.77","10,104.77","10,050.65",-,-1.20%
"Apr 04, 2016","10,183.00","10,227.12","10,234.17","10,168.78",-,-0.36%
"Apr 01, 2016","10,219.96","10,132.58","10,231.08","10,085.25",-,0.12%
"Mar 31, 2016","10,207.38","10,236.80","10,248.82","10,198.92",-,-0.29%
"Mar 30, 2016","10,236.95","10,245.93","10,281.69","10,217.98",-,0.46%
"Mar 29, 2016","10,190.41","10,071.42","10,193.73","10,048.52",-,0.83%
"Mar 28, 2016","10,106.44","10,105.12","10,128.90","10,065.38",-,0.20%
"Mar 24, 2016","10,086.60","10,032.89","10,087.05","10,003.98",-,-0.13%
"Mar 23, 2016","10,099.68","10,171.38","10,171.38","10,096.89",-,-0.93%
"Mar 22, 2016","10,194.20","10,169.90","10,226.51","10,145.35",-,-0.25%
"Mar 21, 2016","10,219.69","10,204.71","10,232.80","10,181.85",-,-0.04%
"Mar 18, 2016","10,223.43","10,216.60","10,248.07","10,198.32",-,0.32%
"Mar 17, 2016","10,190.40","10,101.65","10,216.70","10,073.12",-,1.05%
"Mar 16, 2016","10,084.17","9,986.48","10,102.07","9,978.89",-,0.70%
"Mar 15, 2016","10,013.60","10,005.59","10,013.70","9,970.95",-,-0.60%
"Mar 14, 2016","10,074.27","10,073.33","10,097.55","10,038.40",-,-0.30%
"Mar 11, 2016","10,104.19","9,988.29","10,105.01","9,988.29",-,1.88%
"Mar 10, 2016","9,918.07","9,954.16","10,004.33","9,826.52",-,-0.07%
"Mar 09, 2016","9,924.81","9,906.84","9,946.97","9,881.76",-,0.57%
"Mar 08, 2016","9,868.52","9,952.23","9,952.23","9,862.33",-,-1.38%
"Mar 07, 2016","10,006.19","9,922.38","10,021.78","9,911.33",-,0.38%
"Mar 04, 2016","9,968.41","9,929.33","10,010.66","9,902.04",-,0.61%
"Mar 03, 2016","9,907.97","9,828.31","9,909.81","9,809.17",-,0.72%
"Mar 02, 2016","9,837.59","9,746.42","9,837.64","9,725.90",-,0.68%
"Mar 01, 2016","9,771.00","9,626.88","9,771.00","9,613.96",-,2.21%
"Feb 29, 2016","9,559.53","9,615.17","9,670.84","9,558.86",-,-0.63%
"Feb 26, 2016","9,619.79","9,668.26","9,682.93","9,607.66",-,-0.06%
"Feb 25, 2016","9,625.27","9,534.74","9,625.71","9,506.24",-,1.25%
"Feb 24, 2016","9,506.07","9,411.26","9,517.75","9,325.24",-,0.12%
"Feb 23, 2016","9,494.32","9,582.76","9,589.74","9,485.36",-,-1.27%
"Feb 22, 2016","9,616.32","9,485.77","9,623.64","9,485.77",-,1.37%
"Feb 19, 2016","9,485.96","9,465.18","9,504.98","9,406.54",-,-0.20%
"Feb 18, 2016","9,504.98","9,532.86","9,543.75","9,483.46",-,-0.29%
"Feb 17, 2016","9,532.28","9,426.76","9,551.63","9,426.76",-,1.67%
"Feb 16, 2016","9,375.39","9,317.94","9,377.51","9,275.74",-,1.58%
"Feb 12, 2016","9,229.68","9,092.87","9,229.68","9,089.46",-,2.21%
"Feb 11, 2016","9,029.88","9,092.91","9,092.91","8,944.05",-,-1.60%
"Feb 10, 2016","9,176.72","9,221.84","9,315.96","9,170.93",-,-0.12%
"Feb 09, 2016","9,187.79","9,131.98","9,250.65","9,109.05",-,-0.47%
"Feb 08, 2016","9,231.33","9,294.88","9,294.88","9,127.14",-,-1.69%
"Feb 05, 2016","9,390.33","9,499.53","9,500.82","9,360.94",-,-1.51%
"Feb 04, 2016","9,534.30","9,484.13","9,591.30","9,465.87",-,0.41%
"Feb 03, 2016","9,495.21","9,471.79","9,513.22","9,276.34",-,0.87%
"Feb 02, 2016","9,413.78","9,532.99","9,532.99","9,386.12",-,-2.11%
"Feb 01, 2016","9,616.69","9,578.92","9,651.20","9,514.77",-,-0.17%
"Jan 29, 2016","9,632.70","9,439.34","9,632.71","9,439.34",-,2.50%
"Jan 28, 2016","9,397.79","9,374.83","9,463.20","9,324.15",-,0.26%
"Jan 27, 2016","9,373.78","9,403.87","9,522.61","9,321.33",-,-0.59%
"Jan 26, 2016","9,429.11","9,295.34","9,436.54","9,295.34",-,1.79%
"Jan 25, 2016","9,262.99","9,393.54","9,393.54","9,258.66",-,-1.74%
"Jan 22, 2016","9,426.91","9,343.13","9,437.79","9,343.13",-,2.17%
"Jan 21, 2016","9,226.57","9,164.17","9,311.57","9,102.39",-,0.76%
"Jan 20, 2016","9,156.84","9,214.94","9,233.61","8,937.99",-,-1.56%
"Jan 19, 2016","9,301.74","9,378.86","9,406.35","9,226.82",-,0.02%
"Jan 15, 2016","9,299.62","9,387.54","9,387.54","9,192.07",-,-2.28%
"Jan 14, 2016","9,516.55","9,405.43","9,567.82","9,332.26",-,1.52%
"Jan 13, 2016","9,374.23","9,619.01","9,644.45","9,349.47",-,-2.11%
"Jan 12, 2016","9,576.52","9,591.31","9,630.91","9,460.79",-,0.51%
"Jan 11, 2016","9,527.66","9,575.18","9,598.64","9,435.82",-,-0.01%
"Jan 08, 2016","9,528.77","9,692.80","9,725.90","9,513.25",-,-1.26%
"Jan 07, 2016","9,650.42","9,751.35","9,791.17","9,627.06",-,-2.21%
"Jan 06, 2016","9,868.26","9,907.38","9,925.90","9,821.33",-,-1.59%
"Jan 05, 2016","10,028.06","10,007.01","10,039.96","9,959.82",-,0.26%
"Jan 04, 2016","10,001.56","10,020.05","10,020.05","9,891.07",-,-1.40%
"Dec 31, 2015","10,143.42","10,186.44","10,223.07","10,142.34",-,-0.81%
"Dec 30, 2015","10,225.83","10,277.53","10,283.96","10,218.71",-,-0.78%
"Dec 29, 2015","10,306.60","10,270.38","10,318.42","10,270.38",-,0.87%
"Dec 28, 2015","10,217.40","10,225.99","10,225.99","10,169.09",-,-0.40%
"Dec 24, 2015","10,258.55","10,266.06","10,290.36","10,242.64",-,-0.17%
"Dec 23, 2015","10,276.28","10,180.62","10,277.97","10,180.62",-,1.62%
"Dec 22, 2015","10,112.40","10,052.34","10,132.58","10,015.98",-,0.89%
"Dec 21, 2015","10,023.03","10,017.13","10,054.42","9,961.05",-,0.56%
"Dec 18, 2015","9,967.64","10,072.98","10,072.98","9,966.82",-,-1.43%
"Dec 17, 2015","10,112.63","10,267.83","10,267.83","10,112.57",-,-1.51%
"Dec 16, 2015","10,267.83","10,164.84","10,282.24","10,139.59",-,1.55%
"Dec 15, 2015","10,110.94","10,057.33","10,149.12","10,057.33",-,1.24%
"Dec 14, 2015","9,986.76","9,977.82","10,013.86","9,880.42",-,0.10%
"Dec 11, 2015","9,976.65","10,074.08","10,075.43","9,956.71",-,-1.92%
"Dec 10, 2015","10,172.04","10,165.46","10,242.79","10,155.57",-,0.10%
"Dec 09, 2015","10,162.36","10,191.35","10,316.97","10,115.77",-,-0.35%
"Dec 08, 2015","10,198.37","10,214.29","10,254.75","10,157.69",-,-1.03%
"Dec 07, 2015","10,304.53","10,408.86","10,408.86","10,264.48",-,-1.00%
"Dec 04, 2015","10,408.86","10,266.50","10,417.76","10,264.96",-,1.48%
"Dec 03, 2015","10,257.38","10,415.56","10,422.78","10,227.36",-,-1.27%
"Dec 02, 2015","10,389.20","10,501.10","10,511.12","10,376.45",-,-1.24%
"Dec 01, 2015","10,519.59","10,447.06","10,523.79","10,446.58",-,1.06%
"Nov 30, 2015","10,409.58","10,455.48","10,460.33","10,409.46",-,-0.39%
"Nov 27, 2015","10,450.53","10,442.61","10,463.97","10,425.56",-,0.00%
"Nov 25, 2015","10,450.36","10,449.68","10,471.28","10,430.14",-,0.01%
"Nov 24, 2015","10,449.72","10,379.27","10,472.79","10,358.03",-,0.27%
"Nov 23, 2015","10,421.41","10,433.63","10,469.62","10,402.46",-,-0.22%
"Nov 20, 2015","10,444.20","10,460.25","10,499.05","10,430.06",-,0.12%
"Nov 19, 2015","10,431.46","10,426.13","10,455.19","10,416.37",-,0.02%
"Nov 18, 2015","10,429.60","10,285.37","10,436.00","10,285.37",-,1.40%
"Nov 17, 2015","10,285.76","10,320.05","10,368.38","10,266.56",-,-0.13%
"Nov 16, 2015","10,299.40","10,143.38","10,299.46","10,141.55",-,1.42%
"Nov 13, 2015","10,155.07","10,206.54","10,228.89","10,145.65",-,-0.79%
"Nov 12, 2015","10,235.95","10,335.00","10,342.87","10,235.20",-,-1.58%
"Nov 11, 2015","10,399.90","10,454.15","10,460.35","10,396.79",-,-0.31%
"Nov 10, 2015","10,432.35","10,389.18","10,440.23","10,370.67",-,0.16%
"Nov 09, 2015","10,415.19","10,486.72","10,488.20","10,381.41",-,-0.93%
"Nov 06, 2015","10,513.36","10,525.65","10,531.11","10,441.84",-,-0.33%
"Nov 05, 2015","10,548.36","10,563.92","10,588.13","10,501.31",-,-0.15%
"Nov 04, 2015","10,563.96","10,629.58","10,638.69","10,536.48",-,-0.43%
"Nov 03, 2015","10,609.92","10,556.36","10,641.62","10,542.21",-,0.28%
"Nov 02, 2015","10,579.87","10,474.58","10,591.25","10,473.84",-,1.14%
"Oct 30, 2015","10,460.96","10,509.15","10,531.43","10,460.83",-,-0.35%
"Oct 29, 2015","10,498.16","10,504.35","10,514.44","10,466.21",-,-0.38%
"Oct 28, 2015","10,538.20","10,428.03","10,538.22","10,409.46",-,1.33%
"Oct 27, 2015","10,400.18","10,420.75","10,427.75","10,364.92",-,-0.62%
"Oct 26, 2015","10,464.62","10,495.91","10,495.91","10,458.06",-,-0.40%
"Oct 23, 2015","10,506.51","10,486.94","10,519.83","10,450.44",-,0.55%
"Oct 22, 2015","10,448.83","10,342.75","10,467.11","10,342.75",-,1.38%
"Oct 21, 2015","10,306.44","10,403.74","10,410.99","10,299.05",-,-0.74%
"Oct 20, 2015","10,383.42","10,377.24","10,427.34","10,361.41",-,-0.08%
"Oct 19, 2015","10,391.60","10,385.46","10,399.27","10,353.01",-,-0.29%
"Oct 16, 2015","10,421.91","10,407.28","10,424.99","10,365.69",-,0.42%
"Oct 15, 2015","10,378.27","10,259.51","10,380.84","10,244.99",-,1.45%
"Oct 14, 2015","10,229.67","10,267.50","10,303.70","10,214.99",-,-0.32%
"Oct 13, 2015","10,262.94","10,298.57","10,360.78","10,254.42",-,-0.90%
"Oct 12, 2015","10,356.49","10,356.33","10,367.70","10,329.01",-,-0.05%
"Oct 09, 2015","10,361.26","10,376.69","10,400.15","10,331.03",-,0.00%
"Oct 08, 2015","10,361.04","10,238.12","10,375.11","10,222.07",-,1.00%
"Oct 07, 2015","10,258.52","10,212.35","10,284.26","10,168.01",-,1.01%
"Oct 06, 2015","10,156.38","10,167.50","10,205.11","10,124.92",-,-0.11%
"Oct 05, 2015","10,167.93","10,035.86","10,176.98","10,035.86",-,1.95%
"Oct 02, 2015","9,973.56","9,755.78","9,973.56","9,697.27",-,1.55%
"Oct 01, 2015","9,820.95","9,832.33","9,865.05","9,720.85",-,0.22%
"Sep 30, 2015","9,799.69","9,698.93","9,803.64","9,689.19",-,1.85%
"Sep 29, 2015","9,622.07","9,612.63","9,670.30","9,565.24",-,0.22%
"Sep 28, 2015","9,601.42","9,803.40","9,803.40","9,590.45",-,-2.60%
"Sep 25, 2015","9,857.25","9,913.63","9,948.77","9,814.57",-,0.20%
"Sep 24, 2015","9,837.81","9,813.16","9,859.88","9,727.00",-,-0.30%
"Sep 23, 2015","9,867.90","9,923.73","9,941.47","9,847.09",-,-0.45%
"Sep 22, 2015","9,912.60","9,970.26","9,970.26","9,855.69",-,-1.52%
"Sep 21, 2015","10,066.07","10,049.36","10,132.06","10,026.14",-,0.34%
"Sep 18, 2015","10,031.60","10,118.22","10,130.90","10,009.31",-,-1.80%
"Sep 17, 2015","10,215.54","10,217.05","10,362.26","10,200.62",-,-0.21%
"Sep 16, 2015","10,236.72","10,139.09","10,244.69","10,138.29",-,1.29%
"Sep 15, 2015","10,105.87","10,008.63","10,123.28","9,996.83",-,1.17%
"Sep 14, 2015","9,988.59","10,026.55","10,026.55","9,964.52",-,-0.51%
"Sep 11, 2015","10,040.22","9,987.48","10,040.27","9,942.95",-,0.21%
"Sep 10, 2015","10,019.39","9,985.03","10,078.34","9,957.35",-,0.31%
"Sep 09, 2015","9,988.91","10,193.04","10,219.56","9,972.81",-,-1.19%
"Sep 08, 2015","10,109.68","9,974.78","10,113.26","9,974.78",-,2.41%
"Sep 04, 2015","9,871.86","9,955.37","9,955.37","9,825.21",-,-1.77%
"Sep 03, 2015","10,049.29","10,044.35","10,150.83","10,018.01",-,0.36%
"Sep 02, 2015","10,013.36","9,963.14","10,013.36","9,884.15",-,1.40%
"Sep 01, 2015","9,874.67","10,176.50","10,176.50","9,821.37",-,-2.97%
"Aug 31, 2015","10,176.50","10,198.32","10,226.17","10,120.48",-,-0.64%
"Aug 28, 2015","10,242.06","10,199.17","10,256.84","10,180.25",-,0.11%
"Aug 27, 2015","10,230.51","10,044.36","10,248.38","10,044.36",-,2.51%
"Aug 26, 2015","9,979.67","9,692.40","9,986.48","9,692.40",-,2.96%
"Aug 25, 2015","9,692.39","9,790.10","10,063.14","9,689.65",-,-1.00%
"Aug 24, 2015","9,789.94","9,864.30","10,068.92","9,509.59",-,-3.98%
"Aug 21, 2015","10,195.69","10,402.30","10,426.04","10,195.69",-,-2.67%
"Aug 20, 2015","10,475.75","10,618.35","10,622.45","10,475.74",-,-1.98%
"Aug 19, 2015","10,687.03","10,742.32","10,761.02","10,638.19",-,-0.98%
"Aug 18, 2015","10,792.80","10,799.54","10,819.69","10,780.01",-,-0.24%
"Aug 17, 2015","10,818.57","10,743.57","10,819.22","10,708.34",-,0.34%
"Aug 14, 2015","10,782.24","10,736.35","10,784.33","10,730.51",-,0.34%
"Aug 13, 2015","10,745.31","10,779.44","10,780.06","10,722.88",-,-0.32%
"Aug 12, 2015","10,779.46","10,725.88","10,789.66","10,628.94",-,-0.21%
"Aug 11, 2015","10,802.09","10,857.09","10,857.09","10,757.18",-,-0.95%
"Aug 10, 2015","10,906.03","10,804.81","10,906.08","10,804.81",-,1.33%
"Aug 07, 2015","10,763.15","10,779.50","10,785.35","10,728.48",-,-0.34%
"Aug 06, 2015","10,799.44","10,851.34","10,856.39","10,756.85",-,-0.45%
"Aug 05, 2015","10,847.85","10,874.20","10,916.22","10,833.58",-,0.21%
"Aug 04, 2015","10,824.70","10,849.14","10,869.59","10,802.22",-,-0.15%
"Aug 03, 2015","10,841.26","10,883.46","10,883.46","10,795.02",-,-0.38%
"Jul 31, 2015","10,882.28","10,908.31","10,933.39","10,872.33",-,0.00%
"Jul 30, 2015","10,881.75","10,866.31","10,887.90","10,824.73",-,-0.02%
"Jul 29, 2015","10,883.91","10,795.18","10,895.22","10,794.00",-,0.87%
"Jul 28, 2015","10,790.18","10,698.90","10,800.22","10,668.66",-,1.25%
"Jul 27, 2015","10,656.61","10,688.86","10,698.53","10,636.27",-,-0.61%
"Jul 24, 2015","10,721.95","10,830.78","10,831.19","10,706.14",-,-1.10%
"Jul 23, 2015","10,840.73","10,918.09","10,919.17","10,825.69",-,-0.54%
"Jul 22, 2015","10,899.86","10,897.14","10,917.16","10,881.05",-,-0.18%
"Jul 21, 2015","10,919.00","10,960.41","10,974.82","10,902.11",-,-0.46%
"Jul 20, 2015","10,969.49","10,991.28","10,991.28","10,954.58",-,-0.16%
"Jul 17, 2015","10,987.17","11,010.84","11,010.84","10,965.67",-,-0.34%
"Jul 16, 2015","11,024.87","11,013.33","11,032.61","11,011.54",-,0.60%
"Jul 15, 2015","10,958.83","10,989.37","10,996.44","10,934.67",-,-0.31%
"Jul 14, 2015","10,993.26","10,944.00","11,003.01","10,938.73",-,0.44%
"Jul 13, 2015","10,944.85","10,853.92","10,950.18","10,853.92",-,0.84%
"Jul 10, 2015","10,853.92","10,689.51","10,871.46","10,689.51",-,1.54%
"Jul 09, 2015","10,689.51","10,741.76","10,801.93","10,688.33",-,0.50%
"Jul 08, 2015","10,636.80","10,755.56","10,755.56","10,622.32",-,-1.78%
"Jul 07, 2015","10,829.32","10,764.97","10,841.49","10,631.52",-,0.43%
"Jul 06, 2015","10,782.68","10,770.04","10,836.93","10,732.41",-,-0.76%
"Jul 02, 2015","10,864.82","10,885.53","10,903.37","10,838.92",-,0.05%
"Jul 01, 2015","10,858.99","10,844.46","10,890.36","10,821.37",-,0.50%
"Jun 30, 2015","10,805.20","10,859.11","10,873.66","10,768.62",-,0.14%
"Jun 29, 2015","10,790.33","10,940.98","10,953.07","10,787.28",-,-2.26%
"Jun 26, 2015","11,040.31","11,048.59","11,063.46","11,008.99",-,0.04%
"Jun 25, 2015","11,035.73","11,078.57","11,094.79","11,030.77",-,-0.27%
"Jun 24, 2015","11,066.14","11,132.44","11,142.11","11,066.14",-,-0.75%
"Jun 23, 2015","11,149.36","11,146.58","11,167.04","11,131.03",-,0.18%
"Jun 22, 2015","11,129.61","11,104.66","11,170.82","11,104.66",-,0.82%
"Jun 19, 2015","11,038.96","11,080.29","11,092.30","11,037.92",-,-0.55%
"Jun 18, 2015","11,100.47","11,032.48","11,137.40","11,032.48",-,0.79%
"Jun 17, 2015","11,013.66","11,009.48","11,040.99","10,950.11",-,0.15%
"Jun 16, 2015","10,997.66","10,940.45","11,000.58","10,927.12",-,0.44%
"Jun 15, 2015","10,949.54","10,942.51","10,967.61","10,898.47",-,-0.55%
"Jun 12, 2015","11,009.91","11,037.34","11,037.34","10,989.82",-,-0.64%
"Jun 11, 2015","11,080.51","11,072.53","11,101.13","11,055.87",-,0.20%
"Jun 10, 2015","11,057.99","10,960.09","11,080.71","10,960.09",-,1.30%
"Jun 09, 2015","10,915.64","10,918.24","10,943.31","10,882.81",-,-0.02%
"Jun 08, 2015","10,917.82","10,975.22","10,975.22","10,916.89",-,-0.56%
"Jun 05, 2015","10,979.33","10,982.05","11,009.10","10,924.56",-,-0.19%
"Jun 04, 2015","11,000.39","11,062.13","11,095.02","10,989.43",-,-0.97%
"Jun 03, 2015","11,107.93","11,101.87","11,147.81","11,082.00",-,0.24%
"Jun 02, 2015","11,080.89","11,057.14","11,117.60","11,027.80",-,0.17%
"Jun 01, 2015","11,061.68","11,081.67","11,093.34","11,023.28",-,0.05%
"May 29, 2015","11,056.30","11,116.21","11,117.16","11,033.06",-,-0.69%
"May 28, 2015","11,132.74","11,128.76","11,135.96","11,075.67",-,-0.10%
"May 27, 2015","11,143.35","11,076.26","11,155.19","11,069.15",-,0.71%
"May 26, 2015","11,065.32","11,197.60","11,197.60","11,042.88",-,-1.18%
"May 22, 2015","11,197.69","11,213.94","11,225.06","11,197.67",-,-0.37%
"May 21, 2015","11,239.66","11,212.52","11,254.87","11,206.46",-,0.26%
"May 20, 2015","11,210.24","11,221.41","11,246.70","11,196.54",-,-0.03%
"May 19, 2015","11,213.15","11,214.43","11,232.46","11,195.56",-,-0.13%
"May 18, 2015","11,227.89","11,207.03","11,236.79","11,192.62",-,0.00%
"May 15, 2015","11,228.35","11,202.98","11,228.69","11,172.67",-,0.19%
"May 14, 2015","11,207.33","11,163.95","11,208.75","11,161.64",-,0.81%
"May 13, 2015","11,117.00","11,131.53","11,165.80","11,103.10",-,0.03%
"May 12, 2015","11,113.17","11,106.10","11,136.72","11,058.98",-,-0.25%
"May 11, 2015","11,140.74","11,182.12","11,198.44","11,134.18",-,-0.50%
"May 08, 2015","11,196.50","11,138.65","11,205.96","11,138.65",-,1.45%
"May 07, 2015","11,036.40","10,997.92","11,051.98","10,961.18",-,0.19%
"May 06, 2015","11,015.99","11,082.06","11,098.21","10,963.14",-,-0.30%
"May 05, 2015","11,049.34","11,171.51","11,180.21","11,039.97",-,-1.11%
"May 04, 2015","11,173.28","11,154.99","11,192.88","11,154.99",-,0.30%
"May 01, 2015","11,140.36","11,074.95","11,141.02","11,072.99",-,0.82%
"Apr 30, 2015","11,049.74","11,116.72","11,127.91","11,013.66",-,-0.94%
"Apr 29, 2015","11,154.11","11,161.96","11,185.59","11,117.32",-,-0.44%
"Apr 28, 2015","11,203.08","11,165.07","11,204.16","11,105.41",-,0.32%
"Apr 27, 2015","11,167.31","11,226.42","11,248.99","11,160.52",-,-0.23%
"Apr 24, 2015","11,192.93","11,199.94","11,207.80","11,172.42",-,0.01%
"Apr 23, 2015","11,191.48","11,128.15","11,221.14","11,118.93",-,0.42%
"Apr 22, 2015","11,144.45","11,113.25","11,154.23","11,067.27",-,0.40%
"Apr 21, 2015","11,100.38","11,115.80","11,161.95","11,085.48",-,-0.15%
"Apr 20, 2015","11,116.57","11,058.51","11,144.88","11,058.51",-,0.53%
"Apr 17, 2015","11,058.45","11,113.51","11,113.51","11,010.93",-,-1.00%
"Apr 16, 2015","11,169.75","11,171.50","11,203.07","11,134.03",-,-0.01%
"Apr 15, 2015","11,171.06","11,136.89","11,196.98","11,136.13",-,0.57%
"Apr 14, 2015","11,108.07","11,078.76","11,117.03","11,045.31",-,0.46%
"Apr 13, 2015","11,056.76","11,110.18","11,123.62","11,056.37",-,-0.50%
"Apr 10, 2015","11,112.68","11,077.74","11,114.51","11,075.60",-,0.43%
"Apr 09, 2015","11,065.39","11,028.75","11,072.92","10,993.27",-,0.29%
"Apr 08, 2015","11,032.99","11,038.52","11,073.67","10,995.28",-,0.18%
"Apr 07, 2015","11,013.24","11,042.00","11,082.15","11,012.11",-,-0.18%
"Apr 06, 2015","11,033.12","10,936.84","11,068.63","10,927.02",-,0.73%
"Apr 02, 2015","10,953.16","10,897.66","10,974.98","10,895.31",-,0.57%
"Apr 01, 2015","10,891.61","10,906.13","10,909.02","10,834.02",-,-0.07%
"Mar 31, 2015","10,899.18","10,914.05","10,955.34","10,890.80",-,-0.82%
"Mar 30, 2015","10,989.16","10,919.05","11,009.01","10,919.05",-,1.05%
"Mar 27, 2015","10,875.14","10,860.65","10,877.66","10,838.57",-,0.09%
"Mar 26, 2015","10,865.15","10,877.19","10,911.15","10,815.96",-,-0.30%
"Mar 25, 2015","10,897.51","11,036.95","11,057.04","10,897.18",-,-1.11%
"Mar 24, 2015","11,019.75","11,071.95","11,080.66","11,019.75",-,-0.46%
"Mar 23, 2015","11,070.89","11,089.66","11,115.58","11,070.54",-,0.00%
"Mar 20, 2015","11,070.53","10,932.50","11,094.27","10,932.50",-,1.27%
"Mar 19, 2015","10,931.36","10,976.83","10,976.83","10,908.01",-,-0.80%
"Mar 18, 2015","11,019.72","10,846.43","11,055.01","10,826.04",-,1.45%
"Mar 17, 2015","10,862.43","10,843.68","10,879.08","10,808.92",-,-0.17%
"Mar 16, 2015","10,881.18","10,787.47","10,883.78","10,787.47",-,1.21%
"Mar 13, 2015","10,751.02","10,784.09","10,784.09","10,677.59",-,-0.65%
"Mar 12, 2015","10,820.87","10,734.71","10,821.24","10,734.71",-,1.33%
"Mar 11, 2015","10,678.76","10,686.65","10,705.97","10,659.03",-,0.00%
"Mar 10, 2015","10,678.41","10,802.50","10,802.50","10,678.39",-,-1.73%
"Mar 09, 2015","10,866.62","10,846.05","10,885.08","10,845.98",-,0.23%
"Mar 06, 2015","10,842.17","10,964.23","10,964.23","10,826.45",-,-1.56%
"Mar 05, 2015","11,014.26","11,014.71","11,036.20","10,992.17",-,0.09%
"Mar 04, 2015","11,004.68","11,018.80","11,018.80","10,941.14",-,-0.42%
"Mar 03, 2015","11,051.22","11,090.77","11,090.77","11,012.66",-,-0.46%
"Mar 02, 2015","11,102.82","11,053.66","11,103.34","11,052.29",-,0.36%
"Feb 27, 2015","11,062.79","11,078.54","11,100.24","11,062.12",-,-0.17%
"Feb 26, 2015","11,082.10","11,111.84","11,111.84","11,053.86",-,-0.32%
"Feb 25, 2015","11,117.93","11,119.64","11,142.56","11,097.79",-,-0.04%
"Feb 24, 2015","11,122.11","11,082.13","11,133.78","11,070.57",-,0.43%
"Feb 23, 2015","11,074.58","11,091.46","11,091.46","11,047.21",-,-0.31%
"Feb 20, 2015","11,108.67","11,025.27","11,111.41","10,976.29",-,0.64%
"Feb 19, 2015","11,038.26","11,027.00","11,064.62","11,010.15",-,-0.23%
"Feb 18, 2015","11,064.09","11,054.46","11,064.13","11,018.97",-,0.09%
"Feb 17, 2015","11,054.46","11,042.78","11,070.07","11,001.03",-,0.11%
"Feb 13, 2015","11,042.69","11,009.87","11,045.93","11,000.78",-,0.43%
"Feb 12, 2015","10,995.31","10,924.19","10,997.12","10,924.19",-,0.98%
"Feb 11, 2015","10,889.05","10,883.91","10,907.81","10,831.52",-,-0.24%
"Feb 10, 2015","10,915.14","10,860.71","10,924.65","10,811.27",-,0.82%
"Feb 09, 2015","10,826.59","10,831.04","10,862.88","10,803.97",-,-0.19%
"Feb 06, 2015","10,847.51","10,903.29","10,931.76","10,820.83",-,-0.45%
"Feb 05, 2015","10,896.06","10,821.35","10,901.22","10,820.57",-,1.12%
"Feb 04, 2015","10,775.04","10,803.49","10,843.85","10,753.98",-,-0.67%
"Feb 03, 2015","10,847.41","10,721.57","10,847.44","10,721.57",-,1.67%
"Feb 02, 2015","10,669.03","10,567.96","10,676.44","10,495.71",-,1.25%
"Jan 30, 2015","10,537.22","10,636.04","10,670.18","10,532.55",-,-1.44%
"Jan 29, 2015","10,691.63","10,617.89","10,703.12","10,546.75",-,0.83%
"Jan 28, 2015","10,603.86","10,797.23","10,804.17","10,596.88",-,-1.65%
"Jan 27, 2015","10,781.83","10,793.04","10,830.20","10,718.85",-,-0.60%
"Jan 26, 2015","10,847.15","10,787.30","10,848.04","10,748.73",-,0.55%
"Jan 23, 2015","10,788.33","10,854.23","10,854.23","10,784.57",-,-0.65%
"Jan 22, 2015","10,859.34","10,753.58","10,869.00","10,699.73",-,1.30%
"Jan 21, 2015","10,720.40","10,646.00","10,735.65","10,616.99",-,0.58%
"Jan 20, 2015","10,658.62","10,682.00","10,703.18","10,589.46",-,-0.02%
"Jan 16, 2015","10,660.32","10,508.62","10,664.53","10,503.35",-,1.39%
"Jan 15, 2015","10,514.60","10,606.63","10,636.68","10,511.05",-,-0.48%
"Jan 14, 2015","10,565.41","10,622.57","10,622.57","10,442.80",-,-0.54%
"Jan 13, 2015","10,622.96","10,640.74","10,773.28","10,543.49",-,-0.17%
"Jan 12, 2015","10,640.74","10,712.65","10,717.01","10,597.40",-,-0.66%
"Jan 09, 2015","10,711.41","10,811.82","10,811.82","10,680.53",-,-0.83%
"Jan 08, 2015","10,800.55","10,686.00","10,809.46","10,686.00",-,1.63%
"Jan 07, 2015","10,627.13","10,514.48","10,638.74","10,514.48",-,1.07%
"Jan 06, 2015","10,514.87","10,610.78","10,647.21","10,457.89",-,-0.87%
"Jan 05, 2015","10,607.68","10,764.37","10,764.37","10,588.04",-,-2.06%
"Jan 02, 2015","10,830.92","10,859.80","10,889.25","10,770.50",-,-0.08%
"Dec 31, 2014","10,839.24","10,941.68","10,948.60","10,834.26",-,-0.86%
"Dec 30, 2014","10,932.99","10,963.54","10,963.54","10,931.55",-,-0.50%
"Dec 29, 2014","10,988.01","10,974.88","11,007.82","10,962.61",-,0.02%
"Dec 26, 2014","10,985.40","10,975.29","11,008.54","10,975.29",-,0.28%
"Dec 24, 2014","10,955.11","10,962.23","10,979.75","10,949.49",-,0.03%
"Dec 23, 2014","10,951.76","10,935.73","10,971.98","10,934.90",-,0.29%
"Dec 22, 2014","10,919.99","10,890.25","10,921.31","10,879.23",-,0.27%
"Dec 19, 2014","10,890.24","10,835.33","10,919.51","10,825.67",-,0.54%
"Dec 18, 2014","10,831.62","10,709.54","10,831.64","10,692.38",-,2.15%
"Dec 17, 2014","10,603.50","10,411.54","10,614.57","10,411.53",-,2.05%
"Dec 16, 2014","10,390.02","10,386.11","10,583.69","10,360.03",-,-0.20%
"Dec 15, 2014","10,411.18","10,535.52","10,571.47","10,373.80",-,-0.85%
"Dec 12, 2014","10,500.51","10,690.14","10,690.14","10,500.50",-,-1.77%
"Dec 11, 2014","10,690.14","10,671.07","10,786.42","10,671.07",-,0.26%
"Dec 10, 2014","10,662.24","10,816.77","10,816.77","10,649.12",-,-1.71%
"Dec 09, 2014","10,847.36","10,863.56","10,863.56","10,742.73",-,-0.15%
"Dec 08, 2014","10,863.54","10,941.62","10,946.40","10,835.12",-,-0.97%
"Dec 05, 2014","10,970.29","10,957.40","10,992.64","10,949.17",-,0.16%
"Dec 04, 2014","10,952.30","10,966.93","10,980.13","10,908.58",-,-0.32%
"Dec 03, 2014","10,987.41","10,942.70","10,996.67","10,933.01",-,0.43%
"Dec 02, 2014","10,940.12","10,888.44","10,950.46","10,888.04",-,0.48%
"Dec 01, 2014","10,888.37","10,933.11","10,933.11","10,864.08",-,-0.61%
"Nov 28, 2014","10,955.41","10,993.08","11,000.50","10,945.73",-,-0.84%
"Nov 26, 2014","11,047.91","11,036.81","11,049.31","11,022.88",-,0.17%
"Nov 25, 2014","11,029.37","11,053.26","11,068.27","11,013.01",-,-0.11%
"Nov 24, 2014","11,041.42","11,038.85","11,061.44","11,023.55",-,0.14%
"Nov 21, 2014","11,025.74","10,937.97","11,063.79","10,937.97",-,0.80%
"Nov 20, 2014","10,937.97","10,888.09","10,941.77","10,879.30",-,0.10%
"Nov 19, 2014","10,927.48","10,938.56","10,948.00","10,885.47",-,-0.13%
"Nov 18, 2014","10,941.70","10,896.63","10,963.79","10,896.63",-,0.54%
"Nov 17, 2014","10,883.25","10,859.81","10,895.36","10,847.01",-,0.02%
"Nov 14, 2014","10,880.63","10,861.47","10,883.56","10,850.76",-,0.11%
"Nov 13, 2014","10,868.92","10,884.10","10,911.89","10,827.87",-,-0.14%
"Nov 12, 2014","10,884.03","10,907.53","10,907.53","10,851.55",-,-0.22%
"Nov 11, 2014","10,907.53","10,892.54","10,911.88","10,876.66",-,0.14%
"Nov 10, 2014","10,892.56","10,876.91","10,898.16","10,862.02",-,0.26%
"Nov 07, 2014","10,864.58","10,837.84","10,870.90","10,819.04",-,0.19%
"Nov 06, 2014","10,843.54","10,824.07","10,844.57","10,773.81",-,0.18%
"Nov 05, 2014","10,824.07","10,804.04","10,824.89","10,777.52",-,0.61%
"Nov 04, 2014","10,758.08","10,781.06","10,781.62","10,704.56",-,-0.47%
"Nov 03, 2014","10,808.67","10,834.40","10,851.58","10,790.21",-,-0.33%
"Oct 31, 2014","10,845.00","10,772.93","10,846.09","10,772.93",-,1.24%
"Oct 30, 2014","10,712.19","10,626.14","10,739.49","10,605.90",-,0.62%
"Oct 29, 2014","10,646.66","10,690.31","10,716.57","10,583.48",-,-0.29%
"Oct 28, 2014","10,677.88","10,576.91","10,677.89","10,576.91",-,1.27%
"Oct 27, 2014","10,544.42","10,547.66","10,559.76","10,483.76",-,-0.36%
"Oct 24, 2014","10,582.62","10,529.28","10,586.61","10,496.81",-,0.60%
"Oct 23, 2014","10,519.28","10,476.33","10,576.62","10,476.33",-,1.09%
"Oct 22, 2014","10,405.81","10,502.11","10,532.73","10,405.15",-,-0.90%
"Oct 21, 2014","10,500.78","10,370.70","10,509.99","10,370.70",-,1.68%
"Oct 20, 2014","10,327.34","10,227.22","10,330.08","10,227.22",-,0.75%
"Oct 17, 2014","10,250.54","10,212.90","10,305.03","10,201.75",-,1.25%
"Oct 16, 2014","10,123.73","10,004.83","10,194.71","9,939.40",-,0.14%
"Oct 15, 2014","10,109.67","10,083.91","10,139.21","9,886.08",-,-0.75%
"Oct 14, 2014","10,185.91","10,193.98","10,295.61","10,153.21",-,0.19%
"Oct 13, 2014","10,166.74","10,317.54","10,362.07","10,163.82",-,-1.23%
"Oct 10, 2014","10,293.14","10,397.37","10,442.20","10,292.60",-,-1.12%
"Oct 09, 2014","10,409.38","10,614.97","10,617.66","10,405.28",-,-2.22%
"Oct 08, 2014","10,645.67","10,485.79","10,648.98","10,421.63",-,1.54%
"Oct 07, 2014","10,484.55","10,605.33","10,608.94","10,483.43",-,-1.53%
"Oct 06, 2014","10,647.51","10,671.69","10,704.90","10,611.23",-,0.11%
"Oct 03, 2014","10,635.49","10,579.49","10,649.11","10,575.41",-,0.76%
"Oct 02, 2014","10,555.71","10,557.33","10,585.52","10,441.15",-,-0.15%
"Oct 01, 2014","10,571.55","10,688.65","10,688.65","10,546.92",-,-1.23%
"Sep 30, 2014","10,702.93","10,745.02","10,775.30","10,685.00",-,-0.43%
"Sep 29, 2014","10,749.05","10,727.76","10,766.13","10,687.93",-,-0.46%
"Sep 26, 2014","10,798.88","10,732.30","10,819.76","10,720.39",-,0.72%
"Sep 25, 2014","10,722.21","10,863.60","10,863.60","10,719.58",-,-1.50%
"Sep 24, 2014","10,885.60","10,818.76","10,897.57","10,792.49",-,0.65%
"Sep 23, 2014","10,815.42","10,861.22","10,889.53","10,815.42",-,-0.71%
"Sep 22, 2014","10,892.64","10,978.60","10,978.60","10,880.41",-,-0.88%
"Sep 19, 2014","10,989.57","11,046.39","11,060.60","10,975.35",-,-0.31%
"Sep 18, 2014","11,024.06","10,998.36","11,031.13","10,998.36",-,0.46%
"Sep 17, 2014","10,973.74","10,993.24","11,027.67","10,942.90",-,-0.06%
"Sep 16, 2014","10,980.14","10,890.46","11,001.21","10,883.69",-,0.65%
"Sep 15, 2014","10,909.31","10,909.85","10,925.93","10,881.05",-,-0.02%
"Sep 12, 2014","10,911.39","10,965.32","10,965.32","10,883.66",-,-0.59%
"Sep 11, 2014","10,975.99","10,933.37","10,977.80","10,917.78",-,0.03%
"Sep 10, 2014","10,972.21","10,946.70","10,974.98","10,909.65",-,0.24%
"Sep 09, 2014","10,945.61","10,994.15","10,994.15","10,923.00",-,-0.56%
"Sep 08, 2014","11,007.39","11,059.25","11,059.25","10,981.49",-,-0.60%
"Sep 05, 2014","11,073.40","11,019.86","11,073.42","10,987.38",-,0.39%
"Sep 04, 2014","11,030.40","11,070.20","11,108.39","11,003.81",-,-0.30%
"Sep 03, 2014","11,063.55","11,081.76","11,095.72","11,050.79",-,0.23%
"Sep 02, 2014","11,038.12","11,050.57","11,055.02","11,000.51",-,-0.07%
"Aug 29, 2014","11,046.33","11,023.80","11,046.79","10,997.41",-,0.33%
"Aug 28, 2014","11,009.70","10,999.74","11,017.66","10,977.06",-,-0.26%
"Aug 27, 2014","11,037.89","11,042.12","11,045.64","11,018.37",-,0.11%
"Aug 26, 2014","11,025.37","11,016.43","11,054.19","11,016.43",-,0.18%
"Aug 25, 2014","11,005.36","10,976.74","11,024.38","10,976.74",-,0.53%
"Aug 22, 2014","10,947.33","10,973.05","10,976.27","10,923.36",-,-0.32%
"Aug 21, 2014","10,982.83","10,958.11","10,994.84","10,953.49",-,0.30%
"Aug 20, 2014","10,949.48","10,909.33","10,957.92","10,898.42",-,0.18%
"Aug 19, 2014","10,929.66","10,901.00","10,934.07","10,895.75",-,0.40%
"Aug 18, 2014","10,886.51","10,824.26","10,886.54","10,824.26",-,0.84%
"Aug 15, 2014","10,796.03","10,833.49","10,848.40","10,724.07",-,-0.06%
"Aug 14, 2014","10,802.63","10,756.30","10,802.67","10,756.30",-,0.43%
"Aug 13, 2014","10,756.18","10,731.91","10,768.48","10,717.49",-,0.47%
"Aug 12, 2014","10,705.78","10,709.06","10,736.02","10,681.56",-,-0.16%
"Aug 11, 2014","10,722.79","10,716.18","10,763.33","10,716.18",-,0.30%
"Aug 08, 2014","10,691.10","10,591.07","10,693.56","10,572.95",-,1.01%
"Aug 07, 2014","10,583.79","10,677.01","10,694.56","10,557.61",-,-0.65%
"Aug 06, 2014","10,653.42","10,606.07","10,686.40","10,601.99",-,-0.04%
"Aug 05, 2014","10,657.32","10,728.92","10,736.08","10,623.68",-,-1.02%
"Aug 04, 2014","10,766.68","10,692.17","10,780.45","10,669.42",-,0.70%
"Aug 01, 2014","10,692.16","10,699.81","10,756.06","10,642.88",-,-0.32%
"Jul 31, 2014","10,726.43","10,866.31","10,866.31","10,726.38",-,-1.86%
"Jul 30, 2014","10,929.79","10,957.98","10,974.18","10,887.09",-,-0.06%
"Jul 29, 2014","10,936.70","11,005.30","11,014.83","10,936.68",-,-0.46%
"Jul 28, 2014","10,987.24","10,984.36","10,997.99","10,933.21",-,0.01%
"Jul 25, 2014","10,985.81","11,038.56","11,038.56","10,969.94",-,-0.48%
"Jul 24, 2014","11,038.56","11,038.89","11,058.96","11,027.47",-,0.13%
"Jul 23, 2014","11,023.90","11,027.38","11,035.15","11,006.52",-,0.07%
"Jul 22, 2014","11,016.24","10,988.85","11,033.07","10,988.85",-,0.53%
"Jul 21, 2014","10,957.67","10,951.18","10,966.98","10,912.51",-,-0.26%
"Jul 18, 2014","10,985.92","10,908.42","10,995.75","10,908.42",-,0.88%
"Jul 17, 2014","10,890.44","10,982.73","11,011.93","10,879.67",-,-1.16%
"Jul 16, 2014","11,017.88","11,006.36","11,024.32","10,983.35",-,0.48%
"Jul 15, 2014","10,965.64","10,995.68","11,017.92","10,927.73",-,-0.24%
"Jul 14, 2014","10,991.47","10,980.18","11,006.09","10,980.18",-,0.50%
"Jul 11, 2014","10,936.35","10,927.99","10,944.47","10,900.75",-,-0.05%
"Jul 10, 2014","10,941.34","10,941.84","10,962.29","10,880.13",-,-0.58%
"Jul 09, 2014","11,005.50","10,977.87","11,011.87","10,965.99",-,0.39%
"Jul 08, 2014","10,963.16","11,008.76","11,008.76","10,936.29",-,-0.66%
"Jul 07, 2014","11,035.81","11,072.01","11,072.01","11,022.58",-,-0.62%